time_s,left_j1,left_j2,left_j3,left_j4,left_j5,left_j6,right_j1,right_j2,right_j3,right_j4,right_j5,right_j6
0.218,2.8181028366088863,0.5857442864362382,-1.7643303679433318,1.3186384924265437,0.2260648477968063,1.0896085500717163,0.3300157189369201,2.2688643314613746,1.571842055251181,-1.3427919721070785,3.290121187827021,0.7286149859428406
0.418,2.8181028366088863,0.586210018431302,-1.7643303679433318,1.3187960961513454,0.22572383612714492,1.0896085500717163,0.3300157189369201,2.267773491927075,1.571842055251181,-1.343160232558147,3.2909179360285585,0.7286149859428406
0.618,2.8181028366088863,0.5874494656309251,-1.7643303679433318,1.3192156078839616,0.22481723801320203,1.0896085500717163,0.3300157189369201,2.2673085558199104,1.571842055251181,-1.3433172196018848,3.2912572064087677,0.7286149859428406
0.818,2.8181028366088863,0.588217920725583,-1.7643303679433318,1.319475765019888,0.22425583229050988,1.0896085500717163,0.3300157189369201,2.2662258975906315,1.571842055251181,-1.3436828463782136,3.292046496855614,0.7286149859428406
1.018,2.8181028366088863,0.5894351632887265,-1.7643303679433318,1.3198879524970835,0.22336763552448266,1.0896085500717163,0.3300157189369201,2.2651560956292105,1.571842055251181,-1.3440442197643265,3.2928253919089863,0.7286149859428406
1.218,2.8181028366088863,0.5898852264363085,-1.7643303679433318,1.3200403843547974,0.22303956969699376,1.0896085500717163,0.3300157189369201,2.2641047658980837,1.571842055251181,-1.3443994392946466,3.293589841341595,0.7286149859428406
1.418,2.8181028366088863,0.5907736305234721,-1.7643303679433318,1.3202914547619005,0.2223925177095227,1.0896085500717163,0.3300157189369201,2.2636610070330807,1.571842055251181,-1.3444994734309135,3.2939122120951603,0.7286149859428406
1.618,2.8181028366088863,0.5917847974342293,-1.7659792880949694,1.3204873641334418,0.22165692314592908,1.0896085500717163,0.3300157189369201,2.262646211995163,1.5734687752337768,-1.3446956053303427,3.2946487457593276,0.7286149859428406
1.818,2.8181028366088863,0.5926269742922158,-1.7676806755844168,1.3206784547837744,0.22104497523105257,1.0896085500717163,0.3300157189369201,2.2618010152509687,1.5751722729255555,-1.3448869118801656,3.295261471233966,0.7286149859428406
2.018,2.8181028366088863,0.5933094812789931,-1.7690595997337382,1.3208638851610888,0.22054952589678598,1.0896085500717163,0.3300157189369201,2.261116062218208,1.5765528991832973,-1.3450725507864252,3.2957575476830194,0.7286149859428406
2.218,2.8181028366088863,0.5941006724606267,-1.7706582263999748,1.3210425680554183,0.21997572021064135,1.0896085500717163,0.3300157189369201,2.260322037007428,1.5781534901252592,-1.34525143362407,3.2963320769704247,0.7286149859428406
2.418,2.8181028366088863,0.5949838161905061,-1.7724427976136221,1.3212135208268594,0.21933591943525263,1.0896085500717163,0.3300157189369201,2.259435731917621,1.5799402426709996,-1.3454225766981827,3.296972681171605,0.7286149859428406
2.618,2.8181028366088863,0.5957025817042448,-1.7738953278822018,1.3213769909234543,0.21881575071165588,1.0896085500717163,0.3300157189369201,2.258714395160497,1.5813945396002957,-1.3455862279515705,3.297493500489504,0.7286149859428406
2.818,2.8181028366088863,0.5966022249267552,-1.7757135388601468,1.321606776673434,0.21816538636630883,1.0896085500717163,0.3300157189369201,2.258141154736224,1.5825503306477906,-1.3457416231321977,3.2979070343935697,0.7286149859428406
3.018,2.8181028366088863,0.5969209048780612,-1.7763576428478713,1.3216789910184161,0.21793520005303452,1.0896085500717163,0.3300157189369201,2.257491717711675,1.5838598315531265,-1.345888560725142,3.298375147147449,0.7286149859428406
3.218,2.8181028366088863,0.5976222961326129,-1.7777753436603247,1.3218151156870588,0.21742893947521236,1.0896085500717163,0.3300157189369201,2.2567878224290343,1.5852792363511974,-1.346024834434501,3.298882034832782,0.7286149859428406
3.418,2.8181028366088863,0.598174818456755,-1.7788922135732732,1.3219410177152895,0.21703049369534722,1.0896085500717163,0.3300157189369201,2.256233329309909,1.586397443526947,-1.3461508738400871,3.2992809726347283,0.7286149859428406
3.618,2.8181028366088863,0.5986806617875118,-1.779914783815913,1.3220566869822503,0.21666600311800732,1.0896085500717163,0.3300157189369201,2.25556694219995,1.587741385817934,-1.3463204237523305,3.299759968733265,0.7286149859428406
3.818,2.8181028366088863,0.5990653430417298,-1.780692460270076,1.3221620044132576,0.21638901574260688,1.0896085500717163,0.3300157189369201,2.2553396327566606,1.5881998365584864,-1.3463721006264668,3.299923239843333,0.7286149859428406
4.019,2.8181028366088863,0.5995442689527408,-1.7816607089553154,1.3221620044132576,0.2161399859069208,1.0896085500717163,0.3300157189369201,2.254923734872138,1.589038674101174,-1.3463721006264668,3.300172575065512,0.7286149859428406
4.218,2.8181028366088863,0.5998981382472265,-1.782376163551818,1.3221620044132576,0.21596842918006603,1.0896085500717163,0.3300157189369201,2.25450387921592,1.5898855375344267,-1.3463721006264668,3.3003443416891924,0.7286149859428406
4.418,2.8181028366088863,0.6002442873832479,-1.7830760392098468,1.3221620044132576,0.2157561646126853,1.0896085500717163,0.3300157189369201,2.254156504903224,1.5906744964158845,-1.3463721006264668,3.300556865404355,0.7286149859428406
4.618,2.8181028366088863,0.6003261855257733,-1.783408013863665,1.3221620044132576,0.2156973863384339,1.0896085500717163,0.3300157189369201,2.25407431778149,1.5909186083590596,-1.3463721006264668,3.300615715328599,0.7286149859428406
4.818,2.8181028366088863,0.6004599951047566,-1.7838139553496162,1.3221620044132576,0.21564498308725907,1.0896085500717163,0.3300157189369201,2.25394003798647,1.5913250297162433,-1.3463721006264668,3.300668182404474,0.7286149859428406
5.018,2.8181028366088863,0.6005112150924106,-1.7841438296418355,1.3221620044132576,0.21564498308725907,1.0896085500717163,0.3300157189369201,2.2538886391957953,1.5916552945127465,-1.3463721006264668,3.300668182404474,0.7286149859428406
5.218,2.8181028366088863,0.6005112150924106,-1.7842844170700127,1.3221620044132576,0.21564498308725907,1.0896085500717163,0.3300157189369201,2.2538886391957953,1.5917960491933612,-1.3463721006264668,3.300668182404474,0.7286149859428406
5.418,2.8181028366088863,0.6005112150924106,-1.7843394089286457,1.3221620044132576,0.21564498308725907,1.0896085500717163,0.3300157189369201,2.2538886391957953,1.5918511074160036,-1.3463721006264668,3.300668182404474,0.7286149859428406
5.618,2.8181028366088863,0.6005112150924106,-1.7843394089286457,1.3221620044132576,0.21564498308725907,1.0896085500717163,0.3300157189369201,2.2538886391957953,1.5918511074160036,-1.3463721006264668,3.300668182404474,0.7286149859428406
5.818,2.8181028366088863,0.6005112150924106,-1.7841656204691398,1.3221620044132576,0.21564498308725907,1.0896085500717163,0.3300157189369201,2.2538886391957953,1.5916771212905572,-1.3463721006264668,3.300668182404474,0.7286149859428406
6.018,2.8181028366088863,0.6004347427187895,-1.783791718968133,1.3221620044132576,0.21570018627608098,1.0896085500717163,0.3300157189369201,2.2539653933235995,1.5913027847054748,-1.3463721006264668,3.3006129117020406,0.7286149859428406
6.218,2.8181028366088863,0.6002245285526443,-1.783299953160168,1.3221620044132576,0.2158071345911596,1.0896085500717163,0.3300157189369201,2.254027510087328,1.5911106851199277,-1.3463721006264668,3.3006129117020406,0.7286149859428406
6.418,2.8181028366088863,0.6001385168601702,-1.782950908738713,1.3221620044132576,0.215869135441608,1.0896085500717163,0.3300157189369201,2.254262701299014,1.5904609909121048,-1.3463721006264668,3.3004437558556616,0.7286149859428406
6.618,2.8181028366088863,0.599884503895737,-1.7823364413343379,1.3221620044132576,0.21601515209476949,1.0896085500717163,0.3300157189369201,2.254624249337214,1.5897318038114447,-1.3463721006264668,3.30029756038129,0.7286149859428406
6.818,2.8181028366088863,0.5993957704195053,-1.7813483482968886,1.3221620044132576,0.21628117843647512,1.0896085500717163,0.3300157189369201,2.255125571977262,1.5887207341802407,-1.3463721006264668,3.3000312077128853,0.7286149859428406
7.018,2.8181028366088863,0.5988935720015435,-1.7803330757087688,1.3221620044132576,0.21659484611154792,1.0896085500717163,0.3300157189369201,2.2553378766060654,1.5882925669502568,-1.3463721006264668,3.299878530418931,0.7286149859428406
7.218,2.8181028366088863,0.5986578165466199,-1.7798564748882209,1.3221091183659153,0.21676484146155442,1.0896085500717163,0.3300157189369201,2.255798854963361,1.5873629069319561,-1.3462691090353465,3.2995469497654937,0.7286149859428406
7.419,2.8181028366088863,0.5980595604269183,-1.7786470924402247,1.3219939903174234,0.2171963620385216,1.0896085500717163,0.3300157189369201,2.2563992724717554,1.5861520870748778,-1.3461538564297362,3.2991148968794675,0.7286149859428406
7.618,2.8181028366088863,0.5974969206363312,-1.7775097700141496,1.3218673380652033,0.21760239269133336,1.0896085500717163,0.3300157189369201,2.2569639433459106,1.5850134075953959,-1.3460270666109855,3.2987083640327852,0.7286149859428406
7.818,2.8181028366088863,0.5966771015155246,-1.775852691840556,1.3216604332446875,0.21819439570754212,1.0896085500717163,0.3300157189369201,2.257469634318115,1.5839937079363138,-1.3458910442423069,3.298344113994967,0.7286149859428406
8.019,2.8181028366088863,0.5963503224556915,-1.7751922181269046,1.321587003269087,0.21843049869858108,1.0896085500717163,0.3300157189369201,2.2581146773045493,1.5826930747061838,-1.3457464256498493,3.297879229685345,0.7286149859428406
8.218,2.8181028366088863,0.5954309507433208,-1.773334128702119,1.3213516865762356,0.2190951767443042,1.0896085500717163,0.3300157189369201,2.2590373629536793,1.5808327404884026,-1.3455108499474586,3.2972137221950057,0.7286149859428406
8.418,2.8181028366088863,0.5946983554531469,-1.771853639926122,1.3211845286969035,0.2196252747417023,1.0896085500717163,0.3300157189369201,2.2597725979321717,1.579350453430378,-1.3453435070186965,3.2966829600772996,0.7286149859428406
8.618,2.8181028366088863,0.5938013197664984,-1.7700409794415477,1.321010288545949,0.22027492351844583,1.0896085500717163,0.3300157189369201,2.260672864886148,1.5775355795703931,-1.3451690731089905,3.296032494188688,0.7286149859428406
8.818,2.8181028366088863,0.5934031010183387,-1.7692363403111826,1.3209208104199204,0.22056352286381323,1.0896085500717163,0.3300157189369201,2.2610725178419693,1.5767299537910717,-1.345079495105892,3.295743530696194,0.7286149859428406
9.018,2.8181028366088863,0.5924475753636215,-1.7673057366409934,1.3207356198945486,0.22125653286275365,1.0896085500717163,0.3300157189369201,2.2620314843406977,1.5747969724834534,-1.3448940968737586,3.2950496433768373,0.7286149859428406
9.219,2.8181028366088863,0.5916007221021572,-1.7655948523097336,1.320544637204875,0.221871344099782,1.0896085500717163,0.3300157189369201,2.2628813866940636,1.5730839687821558,-1.3447028988230156,3.294434050352715,0.7286149859428406
9.418,2.8181028366088863,0.5904362966612096,-1.764330367943331,1.320248625121166,0.22271767445272447,1.0896085500717163,0.3300157189369201,2.2640500042507505,1.5718420553675956,-1.3443565296547602,3.2935866384068455,0.7286149859428406
9.618,2.8181028366088863,0.5899916462149121,-1.764330367943331,1.3200979877146886,0.2230411542514051,1.0896085500717163,0.3300157189369201,2.2644962554077233,1.5718420553675956,-1.3442057203101285,3.293262743543887,0.7286149859428406
9.818,2.8181028366088863,0.5889387206334503,-1.764330367943331,1.3197413365051027,0.2238078142290763,1.0896085500717163,0.3300157189369201,2.265552971413856,1.5718420553675956,-1.3438486600534816,3.292495096116904,0.7286149859428406
10.018,2.8181028366088863,0.5878688124139443,-1.764330367943331,1.3193790142504431,0.22458780732631595,1.0896085500717163,0.3300157189369201,2.266626731219733,1.5718420553675956,-1.3434859193839657,3.2917140929712283,0.7286149859428406
10.218,2.8181028366088863,0.5872518892210791,-1.764330367943331,1.319170132137514,0.22503801000493723,1.0896085500717163,0.3300157189369201,2.2677112274577693,1.5718420553675956,-1.3431196332057882,3.290924270637329,0.7286149859428406
10.418,2.8181028366088863,0.5863235493961837,-1.764330367943331,1.3188558608890153,0.22571609507213028,1.0896085500717163,0.3300157189369201,2.2681775573328222,1.5718420553675956,-1.3429621567629513,3.2905843343469265,0.7286149859428406
10.618,2.8181028366088863,0.5852371711007435,-1.764330367943331,1.3184881695378854,0.2265105782971662,1.0896085500717163,0.3300157189369201,2.2692678470957643,1.5718420553675956,-1.3425940335473572,3.2897888083461972,0.7286149859428406
10.818,2.8181028366088863,0.5843093098592361,-1.764330367943331,1.3181741988410058,0.2271899668012341,1.0896085500717163,0.3300157189369201,2.2701990493842485,1.5718420553675956,-1.3422796916711381,3.2891085234295994,0.7286149859428406
11.018,2.8181028366088863,0.5835382909208418,-1.764330367943331,1.317913349830632,0.22775510268184035,1.0896085500717163,0.3300157189369201,2.2714324184089523,1.5718420553675956,-1.3418634452682456,3.288206290642843,0.7286149859428406
11.218,2.8181028366088863,0.5826244012059757,-1.764330367943331,1.3176042235136256,0.22842565834798761,1.0896085500717163,0.3300157189369201,2.2718900259096735,1.5718420553675956,-1.3417090367765925,3.287871190193978,0.7286149859428406
11.418,2.8181028366088863,0.5815744346546122,-1.764330367943331,1.3172491475452253,0.22919700543934624,1.0896085500717163,0.3300157189369201,2.2727941179218796,1.5718420553675956,-1.3414040182542524,3.2872085689959882,0.7286149859428406
11.618,2.8181028366088863,0.5808707163523645,-1.764330367943331,1.3169510822954171,0.2300596954992218,1.0896085500717163,0.3300157189369201,2.2735368082976524,1.5718420553675956,-1.341055107521243,3.286341542843725,0.7286149859428406
11.818,2.8181028366088863,0.5808707163523645,-1.764330367943331,1.3168537558267408,0.23037669912082517,1.0896085500717163,0.3300157189369201,2.2735368082976524,1.5718420553675956,-1.3408623081631965,3.2856053578652746,0.7286149859428406
12.018,2.8181028366088863,0.5808707163523645,-1.764330367943331,1.316571367740834,0.23119930905886601,1.0896085500717163,0.3300157189369201,2.2735368082976524,1.5718420553675956,-1.340767775822315,3.2852964737685353,0.7286149859428406
12.219,2.8181028366088863,0.5808707163523645,-1.764330367943331,1.3163910493931317,0.23189051699228028,1.0896085500717163,0.3300157189369201,2.2735368082976524,1.5718420553675956,-1.3405839441838912,3.2846943439653797,0.7286149859428406
12.418,2.8181028366088863,0.5808707163523645,-1.764330367943331,1.3163032471456964,0.23217761345949864,1.0896085500717163,0.3300157189369201,2.2735368082976524,1.5718420553675956,-1.340406477087527,3.284020118582698,0.7286149859428406
12.618,2.8181028366088863,0.5808707163523645,-1.764330367943331,1.3161345806256568,0.23282258327890332,1.0896085500717163,0.3300157189369201,2.2735368082976524,1.5718420553675956,-1.340156160855259,3.2832898373526356,0.7286149859428406
12.818,2.8181028366088863,0.5808707163523645,-1.764330367943331,1.3158962799316203,0.23343136911353243,1.0896085500717163,0.3300157189369201,2.2735368082976524,1.5718420553675956,-1.340076426946326,3.2830285040472473,0.7286149859428406
13.019,2.8181028366088863,0.5808707163523645,-1.764330367943331,1.3157483705472248,0.23399945980418152,1.0896085500717163,0.3300157189369201,2.2735368082976524,1.5718420553675956,-1.3399237460325826,3.2825283284982976,0.7286149859428406
13.218,2.8181028366088863,0.5808707163523645,-1.764330367943331,1.3156780391836937,0.23422990238395897,1.0896085500717163,0.3300157189369201,2.2735368082976524,1.5718420553675956,-1.3397804869382528,3.281984137865943,0.7286149859428406
13.418,2.8181028366088863,0.5808707163523645,-1.764330367943331,1.3154831107131022,0.2348029713866711,1.0896085500717163,0.3300157189369201,2.2735368082976524,1.5718420553675956,-1.3395853115580396,3.2814176219399043,0.7286149859428406
13.618,2.8181028366088863,0.5808707163523645,-1.764330367943331,1.3153663484372362,0.23516846140773878,1.0896085500717163,0.3300157189369201,2.2735368082976524,1.5718420553675956,-1.3395255609939343,3.281221591350909,0.7286149859428406
13.818,2.8181028366088863,0.5808707163523645,-1.764330367943331,1.315258304315647,0.23516846140773878,1.0896085500717163,0.3300157189369201,2.2735368082976524,1.5718420553675956,-1.3393089680575943,3.2811452883543053,0.7286149859428406
14.019,2.8181028366088863,0.5808707163523645,-1.764330367943331,1.315134080221468,0.23516846140773878,1.0896085500717163,0.3300157189369201,2.2735368082976524,1.5718420553675956,-1.3392358356104523,3.2811452883543053,0.7286149859428406
14.218,2.8181028366088863,0.5808707163523645,-1.764330367943331,1.3149814042044445,0.23516846140773878,1.0896085500717163,0.3300157189369201,2.2735368082976524,1.5718420553675956,-1.3390251288910804,3.2811452883543053,0.7286149859428406
14.418,2.8181028366088863,0.5808707163523645,-1.764330367943331,1.3148707738837393,0.23516846140773878,1.0896085500717163,0.3300157189369201,2.2735368082976524,1.5718420553675956,-1.3389721907078638,3.2811452883543053,0.7286149859428406
14.618,2.8181028366088863,0.5808707163523645,-1.764330367943331,1.3147933209584144,0.23516846140773878,1.0896085500717163,0.3300157189369201,2.2735368082976524,1.5718420553675956,-1.3388946376871897,3.2811452883543053,0.7286149859428406
14.818,2.8181028366088863,0.5808707163523645,-1.764330367943331,1.3147410799028867,0.23516846140773878,1.0896085500717163,0.3300157189369201,2.2735368082976524,1.5718420553675956,-1.3387893207691375,3.2811452883543053,0.7286149859428406
15.018,2.8181028366088863,0.5808707163523645,-1.764330367943331,1.3146881405518789,0.23516846140773878,1.0896085500717163,0.3300157189369201,2.2735368082976524,1.5718420553675956,-1.3387893207691375,3.2811452883543053,0.7286149859428406
15.218,2.8181028366088863,0.5808707163523645,-1.764330367943331,1.3146373689778548,0.23516846140773878,1.0896085500717163,0.3300157189369201,2.2735368082976524,1.5718420553675956,-1.3387384828056381,3.2811452883543053,0.7286149859428406
15.418,2.8181028366088863,0.5808707163523645,-1.764330367943331,1.3146373689778548,0.23516846140773878,1.0896085500717163,0.3300157189369201,2.2735368082976524,1.5718420553675956,-1.3387384828056381,3.2811452883543053,0.7286149859428406
15.618,2.8181028366088863,0.5808707163523645,-1.764330367943331,1.3146373689778548,0.23516846140773878,1.0896085500717163,0.3300157189369201,2.2735368082976524,1.5718420553675956,-1.3387384828056381,3.2811452883543053,0.7286149859428406
15.818,2.8181028366088863,0.5808707163523645,-1.764330367943331,1.3146373689778548,0.23516846140773878,1.0896085500717163,0.3300157189369201,2.2735368082976524,1.5718420553675956,-1.3387384828056381,3.2811452883543053,0.7286149859428406
16.018,2.8181028366088863,0.5808707163523645,-1.764330367943331,1.3146903296365045,0.23516846140773878,1.0896085500717163,0.3300157189369201,2.2735368082976524,1.5718420553675956,-1.3387915079001682,3.2811452883543053,0.7286149859428406
16.219,2.8181028366088863,0.5808707163523645,-1.764330367943331,1.314811239306436,0.23516846140773878,1.0896085500717163,0.3300157189369201,2.2735368082976524,1.5718420553675956,-1.33885756451491,3.2811452883543053,0.7286149859428406
16.418,2.8181028366088863,0.5808707163523645,-1.764330367943331,1.314811239306436,0.23516846140773878,1.0896085500717163,0.3300157189369201,2.2735368082976524,1.5718420553675956,-1.338976315764739,3.2811452883543053,0.7286149859428406
16.618,2.8181028366088863,0.5808707163523645,-1.764330367943331,1.3149281708720075,0.23516846140773878,1.0896085500717163,0.3300157189369201,2.2735368082976524,1.5718420553675956,-1.3391083391506977,3.2811452883543053,0.7286149859428406
16.818,2.8181028366088863,0.5808707163523645,-1.764330367943331,1.315070935601397,0.23516846140773878,1.0896085500717163,0.3300157189369201,2.2735368082976524,1.5718420553675956,-1.3391725988003593,3.2811452883543053,0.7286149859428406
17.018,2.8181028366088863,0.5808707163523645,-1.764330367943331,1.3153182568821644,0.23516846140773878,1.0896085500717163,0.3300157189369201,2.2735368082976524,1.5718420553675956,-1.3393406649956883,3.2811452883543053,0.7286149859428406
17.218,2.8181028366088863,0.5808707163523645,-1.764330367943331,1.3154018078821534,0.23516846140773878,1.0896085500717163,0.3300157189369201,2.2735368082976524,1.5718420553675956,-1.3395620835653965,3.2812733135433474,0.7286149859428406
17.418,2.8181028366088863,0.5808707163523645,-1.764330367943331,1.315520677664608,0.23477282759631662,1.0896085500717163,0.3300157189369201,2.2735368082976524,1.5718420553675956,-1.3396867474621095,3.2817530625979954,0.7286149859428406
17.618,2.8181028366088863,0.5808707163523645,-1.764330367943331,1.3157197716354856,0.23418998146007677,1.0896085500717163,0.3300157189369201,2.2735368082976524,1.5718420553675956,-1.3397532468770796,3.281973506549544,0.7286149859428406
17.818,2.8181028366088863,0.5808707163523645,-1.764330367943331,1.3157921362799239,0.23379611144991966,1.0896085500717163,0.3300157189369201,2.2735368082976524,1.5718420553675956,-1.3398947113491877,3.2824391763715495,0.7286149859428406
18.018,2.8181028366088863,0.5808707163523645,-1.764330367943331,1.3160220539284633,0.23312057760267654,1.0896085500717163,0.3300157189369201,2.2735368082976524,1.5718420553675956,-1.3401249163252933,3.283108345691285,0.7286149859428406
18.218,2.8181028366088863,0.5808707163523645,-1.764330367943331,1.3161025301960758,0.23285423701963756,1.0896085500717163,0.3300157189369201,2.2735368082976524,1.5718420553675956,-1.3402883079943415,3.283736201010465,0.7286149859428406
18.418,2.8181028366088863,0.5808707163523645,-1.764330367943331,1.3163567138035424,0.2321117810970465,1.0896085500717163,0.3300157189369201,2.2735368082976524,1.5718420553675956,-1.3403730979953248,3.2840159565384917,0.7286149859428406
18.618,2.8181028366088863,0.5808707163523645,-1.764330367943331,1.316445907315937,0.23162617370326208,1.0896085500717163,0.3300157189369201,2.2735368082976524,1.5718420553675956,-1.3405492949495963,3.284692481342057,0.7286149859428406
18.818,2.8181028366088863,0.5808707163523645,-1.764330367943331,1.3167223616401307,0.23081713252395294,1.0896085500717163,0.3300157189369201,2.2735368082976524,1.5718420553675956,-1.3408260885953491,3.285399410342501,0.7286149859428406
19.018,2.8181028366088863,0.5808707163523645,-1.764330367943331,1.3168171309152958,0.23050526147926595,1.0896085500717163,0.3300157189369201,2.2735368082976524,1.5718420553675956,-1.3409209736309997,3.285814919297985,0.7286149859428406
19.219,2.8181028366088863,0.5810256813565498,-1.764330367943331,1.3171099982137084,0.22965324641336357,1.0896085500717163,0.3300157189369201,2.2734529789195252,1.5718420553675956,-1.3412141967673954,3.2866680857478,0.7286149859428406
19.418,2.8181028366088863,0.5817657635634527,-1.764330367943331,1.317310665279364,0.22910840494660098,1.0896085500717163,0.3300157189369201,2.2727102226090237,1.5718420553675956,-1.3414151061115254,3.287213659750699,0.7286149859428406
19.618,2.8181028366088863,0.5829733829013999,-1.764330367943331,1.3177189840898782,0.22822037725200078,1.0896085500717163,0.3300157189369201,2.2714982432553397,1.5718420553675956,-1.3418239151797018,3.288102875165344,0.7286149859428406
19.819,2.8181028366088863,0.5834318257111586,-1.764330367943331,1.3178740218354497,0.2278835894358055,1.0896085500717163,0.3300157189369201,2.271038146358481,1.5718420553675956,-1.3419791381129464,3.288440111420635,0.7286149859428406
20.019,2.8181028366088863,0.5845097565907049,-1.764330367943331,1.3182386244952784,0.22709242359633225,1.0896085500717163,0.3300157189369201,2.270111898546023,1.5718420553675956,-1.3422916749950666,3.2891184652107697,0.7286149859428406
20.218,2.8181028366088863,0.5854389785527015,-1.764330367943331,1.3185530000228018,0.226411219333386,1.0896085500717163,0.3300157189369201,2.269023758246479,1.5718420553675956,-1.342658921144902,3.289914429296908,0.7286149859428406
20.418,2.8181028366088863,0.5866824090189763,-1.764330367943331,1.318973784458648,0.2255008573447414,1.0896085500717163,0.3300157189369201,2.26777585069431,1.5718420553675956,-1.3430801993563355,3.2908259852993007,0.7286149859428406
20.619,2.8181028366088863,0.5871462538489137,-1.764330367943331,1.3191307833949386,0.22516160846498698,1.0896085500717163,0.3300157189369201,2.2673103367160405,1.5718420553675956,-1.3432373815376188,3.2911656771466307,0.7286149859428406
20.819,2.8181028366088863,0.5880711027566574,-1.764330367943331,1.3194438701611932,0.22448575721864492,1.0896085500717163,0.3300157189369201,2.2663821613132353,1.5718420553675956,-1.343550832159962,3.2918424077070028,0.7286149859428406
21.018,2.8181028366088863,0.5891390114702516,-1.764330367943331,1.3198054704407687,0.22370630917794213,1.0896085500717163,0.3300157189369201,2.26531041408089,1.5718420553675956,-1.3439128500795041,3.292622864617436,0.7286149859428406
21.218,2.8181028366088863,0.5903382404067087,-1.764330367943331,1.3202116440916134,0.2228322298360583,1.0896085500717163,0.3300157189369201,2.2641068778648363,1.5718420553675956,-1.344319489569897,3.2934980687350555,0.7286149859428406
21.418,2.8181028366088863,0.5907794843806184,-1.764330367943331,1.3203113182280495,0.2225109473329214,1.0896085500717163,0.3300157189369201,2.263664049929506,1.5718420553675956,-1.3444192774877584,3.293819762926426,0.7286149859428406
21.618,2.8181028366088863,0.5916482376196651,-1.7656910819714549,1.320507711669051,0.22187889804990865,1.0896085500717163,0.3300157189369201,2.2627921794373873,1.5731802105947272,-1.3446158941114836,3.2944526194187285,0.7286149859428406
21.818,2.8181028366088863,0.5927710034011393,-1.7679593219436365,1.3207920442473542,0.22106306482237434,1.0896085500717163,0.3300157189369201,2.26166538767939,1.575451263801368,-1.3449005476322773,3.295269489288324,0.7286149859428406
22.018,2.8181028366088863,0.5935824441548899,-1.769598774939369,1.3209748890330948,0.2204741708592339,1.0896085500717163,0.3300157189369201,2.2607177186473604,1.5773614830904976,-1.3450835976072986,3.295955601868621,0.7286149859428406
22.219,2.8181028366088863,0.5941072184214131,-1.770659112233262,1.321063540006434,0.22009364736368317,1.0896085500717163,0.3300157189369201,2.2603243853845965,1.5781543770208357,-1.3451723477010082,3.2962401309123317,0.7286149859428406
22.418,2.8181028366088863,0.5949896357778921,-1.7724422157116357,1.321234797647775,0.21945437288741257,1.0896085500717163,0.3300157189369201,2.2595631580661615,1.5796889690318474,-1.3453437960670263,3.296790375883569,0.7286149859428406
22.618,2.8181028366088863,0.5959402602311451,-1.7743633249556299,1.3214779627196542,0.21876651428101487,1.0896085500717163,0.3300157189369201,2.2586001260242523,1.5816305504049504,-1.3455872304439243,3.2974857070221275,0.7286149859428406
22.818,2.8181028366088863,0.5962793729486288,-1.7750486804070535,1.3215547568943284,0.21852134867731385,1.0896085500717163,0.3300157189369201,2.257814639739085,1.5832143151856122,-1.3457388462302322,3.2980521834469934,0.7286149859428406
23.018,2.8181028366088863,0.5969264890009066,-1.7763565848799772,1.3217019270778103,0.218053823005903,1.0896085500717163,0.3300157189369201,2.2574950313392077,1.5838587723046638,-1.34581144135518,3.29828250446007,0.7286149859428406
23.218,2.8181028366088863,0.5976278570233255,-1.7777742387188482,1.3218400097575786,0.21754757882808942,1.0896085500717163,0.3300157189369201,2.2567911593541834,1.5852781300127368,-1.3459496753093834,3.2987893757308435,0.7286149859428406
23.418,2.8181028366088863,0.598355465299391,-1.7792450412307517,1.3220271726750061,0.21702294004717285,1.0896085500717163,0.3300157189369201,2.256147269396027,1.586576623485596,-1.346137042361078,3.2992526009184027,0.7286149859428406
23.618,2.8181028366088863,0.5986062051160836,-1.7797519182713588,1.3220842492337388,0.2168422799732073,1.0896085500717163,0.3300157189369201,2.2558093229054097,1.5872581745861658,-1.346194180991005,3.2994955446047194,0.7286149859428406
23.818,2.8181028366088863,0.5990714602667132,-1.7806924798424009,1.322189588830951,0.21650725368090232,1.0896085500717163,0.3300157189369201,2.2553424113539258,1.5881998561453634,-1.3462996348862353,3.2998309826543797,0.7286149859428406
24.018,2.8181028366088863,0.5995503853700931,-1.7816607268832743,1.322189588830951,0.21625836811290383,1.0896085500717163,0.3300157189369201,2.254861783632808,1.58916925309313,-1.3462996348862353,3.3000801734269722,0.7286149859428406
24.218,2.8181028366088863,0.6000110394124925,-1.782592085291981,1.322189588830951,0.21600592062168317,1.0896085500717163,0.3300157189369201,2.2544523942233385,1.5899950121747655,-1.3462996348862353,3.300332929724386,0.7286149859428406
24.418,2.8181028366088863,0.600111233590723,-1.7828915734935438,1.322189588830951,0.21593394801311688,1.0896085500717163,0.3300157189369201,2.2542989466310273,1.5903045357772474,-1.3462996348862353,3.3004049902119683,0.7286149859428406
24.618,2.8181028366088863,0.6002844330905639,-1.783483904982859,1.322189588830951,0.21580961288782446,1.0896085500717163,0.3300157189369201,2.2541251353977745,1.5909190370293778,-1.3462996348862353,3.3005294769682174,0.7286149859428406
24.818,2.8181028366088863,0.6004179606425162,-1.783870524071972,1.322189588830951,0.21575960118207177,1.0896085500717163,0.3300157189369201,2.253991138619316,1.5913816653628579,-1.3462996348862353,3.300579549570098,0.7286149859428406
25.018,2.8181028366088863,0.6005856734846013,-1.7842096603708344,1.322189588830951,0.21575960118207177,1.0896085500717163,0.3300157189369201,2.2538228440280395,1.5917212034328239,-1.3462996348862353,3.300579549570098,0.7286149859428406
25.218,2.8181028366088863,0.6005856734846013,-1.7842625876764944,1.322189588830951,0.21575960118207177,1.0896085500717163,0.3300157189369201,2.2538228440280395,1.5917741937555525,-1.3462996348862353,3.300579549570098,0.7286149859428406
25.419,2.8181028366088863,0.6005856734846013,-1.784318235328101,1.322189588830951,0.21575960118207177,1.0896085500717163,0.3300157189369201,2.2538228440280395,1.5918299080731209,-1.3462996348862353,3.300579549570098,0.7286149859428406
25.618,2.8181028366088863,0.6005856734846013,-1.784318235328101,1.322189588830951,0.21575960118207177,1.0896085500717163,0.3300157189369201,2.2538228440280395,1.5918299080731209,-1.3462996348862353,3.300579549570098,0.7286149859428406
25.818,2.8181028366088863,0.6005279497949225,-1.7840488989786538,1.322189588830951,0.21575960118207177,1.0896085500717163,0.3300157189369201,2.253880782256604,1.5915602642999125,-1.3462996348862353,3.300579549570098,0.7286149859428406
26.019,2.8181028366088863,0.6004564862196269,-1.783849482842925,1.322189588830951,0.21581120201881307,1.0896085500717163,0.3300157189369201,2.2539525095926396,1.5913606159701863,-1.3462996348862353,3.300527885618062,0.7286149859428406
26.219,2.8181028366088863,0.6003268468448362,-1.7834561455274527,1.322189588830951,0.21586236535949896,1.0896085500717163,0.3300157189369201,2.2540826238146137,1.5908901594193572,-1.3462996348862353,3.300476659700503,0.7286149859428406
26.419,2.8181028366088863,0.6001571037159005,-1.7828562104587036,1.322189588830951,0.2159847271977927,1.0896085500717163,0.3300157189369201,2.254252985530914,1.590366181615534,-1.3462996348862353,3.300354148133915,0.7286149859428406
26.618,2.8181028366088863,0.5997275377267209,-1.7819877188994722,1.322189588830951,0.21621512775163895,1.0896085500717163,0.3300157189369201,2.254403567359989,1.590062480372578,-1.3462996348862353,3.300282862252056,0.7286149859428406
26.818,2.8181028366088863,0.599542102489067,-1.7816128172671595,1.322189588830951,0.2163029988951169,1.0896085500717163,0.3300157189369201,2.2548702188323686,1.5891213262257196,-1.3462996348862353,3.3000354863870554,0.7286149859428406
27.019,2.8181028366088863,0.5990595194562043,-1.7806371882434178,1.322189588830951,0.2165525729651566,1.0896085500717163,0.3300157189369201,2.2553545489900024,1.588144545126849,-1.3462996348862353,3.2997856056936095,0.7286149859428406
27.219,2.8181028366088863,0.5985917150355813,-1.7796914766768166,1.3220846315925874,0.2168898834497671,1.0896085500717163,0.3300157189369201,2.255824044932527,1.5871977130336716,-1.3461945644521611,3.29944787996646,0.7286149859428406
27.418,2.8181028366088863,0.5978924201444893,-1.7782778602377214,1.3219072737811066,0.21739433786569898,1.0896085500717163,0.3300157189369201,2.2565258657523404,1.5857824149315978,-1.3460170145735895,3.2989428029031798,0.7286149859428406
27.618,2.8181028366088863,0.5976090858348465,-1.7777051293487596,1.3218438078147292,0.21759881453181187,1.0896085500717163,0.3300157189369201,2.2568102228287934,1.58520900048097,-1.3459534796529617,3.298738073281124,0.7286149859428406
27.819,2.8181028366088863,0.5969049126761087,-1.7762817824659571,1.3217081212023905,0.21810723334056123,1.0896085500717163,0.3300157189369201,2.257412454568115,1.583994626478668,-1.3458176451422326,3.2983043045678593,0.7286149859428406
28.018,2.8181028366088863,0.5961427735201135,-1.7747413758297619,1.3214861625565382,0.2186578943801581,1.0896085500717163,0.3300157189369201,2.2582818239207003,1.5822416890914586,-1.3455954432611172,3.29767767785233,0.7286149859428406
28.218,2.8181028366088863,0.5956830176764918,-1.7738121890397445,1.3214082515733019,0.21899028126790682,1.0896085500717163,0.3300157189369201,2.258743236980084,1.5813113797958043,-1.3455174465671,3.2973448761913415,0.7286149859428406
28.418,2.8181028366088863,0.5949626328765582,-1.7723563422587167,1.3212462029805456,0.21951141132012736,1.0896085500717163,0.3300157189369201,2.259466217696175,1.579853767445454,-1.34535521908765,3.2968230940095924,0.7286149859428406
28.618,2.8181028366088863,0.594077691985148,-1.7705680778562958,1.321074955896619,0.22015212566475412,1.0896085500717163,0.3300157189369201,2.26035434651931,1.5780633229915086,-1.345183781897503,3.2961815747839824,0.7286149859428406
28.819,2.8181028366088863,0.5932849085475018,-1.7689661731383233,1.3208959796938862,0.220726636493055,1.0896085500717163,0.3300157189369201,2.2611499852464507,1.5764594548127182,-1.3450046059988372,3.295606339284856,0.7286149859428406
29.018,2.8181028366088863,0.5921831752748395,-1.7667402074694103,1.320616725493891,0.22152586935408208,1.0896085500717163,0.3300157189369201,2.2622556857058984,1.574230744070516,-1.3447250383578642,3.294806093588701,0.7286149859428406
29.218,2.8181028366088863,0.5917592810983471,-1.7658838264724175,1.320521211335289,0.22183363799558747,1.0896085500717163,0.3300157189369201,2.262681106101812,1.5733733017732419,-1.344629416449606,3.2944979334570204,0.7286149859428406
29.418,2.8181028366088863,0.5907472638900793,-1.7643303679251394,1.320325530581612,0.22256901100627174,1.0896085500717163,0.3300157189369201,2.263549923078248,1.5718420554148875,-1.3444335139247408,3.2938681300656723,0.7286149859428406
29.618,2.8181028366088863,0.5898587155352283,-1.7643303679251394,1.3200245061052542,0.22321536859817598,1.0896085500717163,0.3300157189369201,2.264588513902712,1.5718420554148875,-1.3441321460195463,3.2931144350441133,0.7286149859428406
29.818,2.8181028366088863,0.5886497054707429,-1.7643303679251394,1.3196150048606783,0.22409590960160158,1.0896085500717163,0.3300157189369201,2.26580187627042,1.5718420554148875,-1.3437221744206904,3.292232758627503,0.7286149859428406
30.018,2.8181028366088863,0.5881910271382362,-1.7643303679251394,1.3194596743160205,0.2244302983599485,1.0896085500717163,0.3300157189369201,2.2662622058232995,1.5718420554148875,-1.3435666645018498,3.2918979368478136,0.7286149859428406
30.219,2.8181028366088863,0.5871138363545465,-1.7643303679251394,1.3190949456620715,0.22521631262498004,1.0896085500717163,0.3300157189369201,2.2673432745468785,1.5718420554148875,-1.3432015125654286,3.2911109007545707,0.7286149859428406
30.418,2.8181028366088863,0.5861836942749501,-1.7643303679251394,1.3187800748382856,0.22589583971421262,1.0896085500717163,0.3300157189369201,2.268276765342311,1.5718420554148875,-1.3428862739383471,3.290430485678367,0.7286149859428406
30.618,2.8181028366088863,0.5850971936852143,-1.7643303679251394,1.3184123546270698,0.22669056172162555,1.0896085500717163,0.3300157189369201,2.269522852231607,1.5718420554148875,-1.342465568472107,3.2895210248971085,0.7286149859428406
30.818,2.8181028366088863,0.5844788221547783,-1.7643303679251394,1.3182031094365798,0.22714333944168202,1.0896085500717163,0.3300157189369201,2.269987775984195,1.5718420554148875,-1.3423086288275947,3.289181344582171,0.7286149859428406
31.018,2.8181028366088863,0.5835550157025858,-1.7643303679251394,1.317890564365369,0.22782039971934892,1.0896085500717163,0.3300157189369201,2.271068643105541,1.5718420554148875,-1.3419438317432644,3.2883908956136976,0.7286149859428406
31.218,2.8181028366088863,0.5824892106284092,-1.7643303679251394,1.3175300582297478,0.22860249425866672,1.0896085500717163,0.3300157189369201,2.271984552669896,1.5718420554148875,-1.3416347751772257,3.287720251217247,0.7286149859428406
31.418,2.8181028366088863,0.5812934078821849,-1.7643303679251394,1.3171256841778798,0.22948122606612778,1.0896085500717163,0.3300157189369201,2.2727386569567942,1.5718420554148875,-1.341380363064672,3.287167505099201,0.7286149859428406
31.618,2.8181028366088863,0.5808862340600165,-1.7643303679251394,1.3170262574385545,0.2298054605707879,1.0896085500717163,0.3300157189369201,2.273479793653683,1.5718420554148875,-1.341130366901779,3.286515671206866,0.7286149859428406
