time_s,sim_left_j1,sim_left_j2,sim_left_j3,sim_left_j4,sim_left_j5,sim_left_j6,sim_right_j1,sim_right_j2,sim_right_j3,sim_right_j4,sim_right_j5,sim_right_j6,real_left_j1,real_left_j2,real_left_j3,real_left_j4,real_left_j5,real_left_j6,real_right_j1,real_right_j2,real_right_j3,real_right_j4,real_right_j5,real_right_j6,sim_delta_left_j1,sim_delta_left_j2,sim_delta_left_j3,sim_delta_left_j4,sim_delta_left_j5,sim_delta_left_j6,sim_delta_right_j1,sim_delta_right_j2,sim_delta_right_j3,sim_delta_right_j4,sim_delta_right_j5,sim_delta_right_j6,real_delta_left_j1,real_delta_left_j2,real_delta_left_j3,real_delta_left_j4,real_delta_left_j5,real_delta_left_j6,real_delta_right_j1,real_delta_right_j2,real_delta_right_j3,real_delta_right_j4,real_delta_right_j5,real_delta_right_j6,error_left_j1,error_left_j2,error_left_j3,error_left_j4,error_left_j5,error_left_j6,error_right_j1,error_right_j2,error_right_j3,error_right_j4,error_right_j5,error_right_j6,left_motion_state,left_power_state,left_servo_state,left_collision_state,right_motion_state,right_power_state,right_servo_state,right_collision_state
1.120,2.483476909947447,0.8520902444707087,-0.4691771174011261,-0.496378457368131,1.0573552238764816,0.0,0.660083331680132,3.1352011919630196,0.9769654879261623,0.18910316841348793,2.240425451579953,0.0,2.7774855257994036,0.6406093297118769,-1.8243865714539536,1.282316522072496,0.2557094426920244,1.0896085500717163,0.3697413013323941,2.2940764602826773,1.6318420543102652,-1.3064044952770812,3.3407976936432626,0.7286149859428406,0.0003324953178456269,-0.0008044626653681552,0.006020237453174759,0.017914930880422508,-0.005923274988114846,0.0,0.0003413698436693924,0.000336299578460153,-0.002696066302039446,-0.008327806954048639,0.00414205023274361,0.0,0.0,0.0,0.0,0.0,0.0,0.0,0.0,0.0,0.0,0.0,0.0,0.0,-0.0003324953178456269,0.0008044626653681552,-0.006020237453174759,-0.017914930880422508,0.005923274988114846,0.0,-0.0003413698436693924,-0.000336299578460153,0.002696066302039446,0.008327806954048639,-0.00414205023274361,0.0,0,1,1,0,0,1,1,0
1.221,2.483495723836426,0.8520423658042106,-0.4688197424133818,-0.4953135750160403,1.0570056283546296,0.0,0.6601032284314264,3.135220790875708,0.9768051142090858,0.188608271431702,2.2406714685295768,0.0,2.7774855257994036,0.6406093297118769,-1.8243865714539536,1.282316522072496,0.2557094426920244,1.0896085500717163,0.3697413013323941,2.2940764602826773,1.6318420543102652,-1.3064044952770812,3.3407976936432626,0.7286149859428406,0.0003513092068243573,-0.0008523413318662909,0.006377612440919056,0.018979813232513243,-0.0062728705099668325,0.0,0.0003612665949638272,0.0003558984911484764,-0.002856440019116002,-0.008822703935834564,0.0043880671823672834,0.0,0.0,0.0,0.0,0.0,0.0,0.0,0.0,0.0,0.0,0.0,0.0,0.0,-0.0003513092068243573,0.0008523413318662909,-0.006377612440919056,-0.018979813232513243,0.0062728705099668325,0.0,-0.0003612665949638272,-0.0003558984911484764,0.002856440019116002,0.008822703935834564,-0.0043880671823672834,0.0,0,1,1,0,0,1,1,0
1.320,2.483523468162436,0.8519712152952416,-0.4682887962329587,-0.4937311807304166,1.0564866566393178,0.0,0.6601327285544475,3.135249840563967,0.9765667836129702,0.18787289155627895,2.2410370041604444,0.0,2.7774855257994036,0.6406093297118769,-1.8243865714539536,1.282316522072496,0.2557094426920244,1.0896085500717163,0.3697413013323941,2.2940764602826773,1.6318420543102652,-1.3064044952770812,3.3407976936432626,0.7286149859428406,0.00037905353283429477,-0.0009234918408352888,0.0069085586213421535,0.02056220751813692,-0.0067918422252786215,0.0,0.0003907667179848806,0.0003849481794073739,-0.003094770615231557,-0.009558083811257612,0.004753602813234892,0.0,0.0,0.0,0.0,0.0,0.0,0.0,0.0,0.0,0.0,0.0,0.0,0.0,-0.00037905353283429477,0.0009234918408352888,-0.0069085586213421535,-0.02056220751813692,0.0067918422252786215,0.0,-0.0003907667179848806,-0.0003849481794073739,0.003094770615231557,0.009558083811257612,-0.004753602813234892,0.0,0,1,1,0,0,1,1,0
1.420,2.4835508547346015,0.8519003216594394,-0.46775991299281927,-0.4921545529849322,1.0559701961577301,0.0,0.6601620461935335,3.135278698112067,0.9763293010112214,0.18714022484826778,2.2414011589585803,0.0,2.7774855257994036,0.6406093297118769,-1.8243865714539536,1.282316522072496,0.2557094426920244,1.0896085500717163,0.3697413013323941,2.2940764602826773,1.6318420543102652,-1.3064044952770812,3.3407976936432626,0.7286149859428406,0.00040644010499990557,-0.0009943854766374383,0.007437441861481597,0.022138835263621315,-0.007308302706866332,0.0,0.0004200843570708601,0.000413805727507377,-0.0033322532169803853,-0.010290750519268782,0.005117757611370788,0.0,0.0,0.0,0.0,0.0,0.0,0.0,0.0,0.0,0.0,0.0,0.0,0.0,-0.00040644010499990557,0.0009943854766374383,-0.007437441861481597,-0.022138835263621315,0.007308302706866332,0.0,-0.0004200843570708601,-0.000413805727507377,0.0033322532169803853,0.010290750519268782,-0.005117757611370788,0.0,0,1,1,0,0,1,1,0
1.520,2.4835778947962677,0.8518296551266926,-0.4672328544018017,-0.49058297908006165,1.0554560078768507,0.0,0.6601911993483075,3.1353073792944715,0.9760925607698242,0.18640994064486197,2.2417640977198765,0.0,2.7774855257994036,0.6406093297118769,-1.8243865714539536,1.282316522072496,0.2557094426920244,1.0896085500717163,0.3697413013323941,2.2940764602826773,1.6318420543102652,-1.3064044952770812,3.3407976936432626,0.7286149859428406,0.00043348016666611144,-0.0010650520093842264,0.00796450045249919,0.023710409168491875,-0.00782249098774579,0.0,0.000449237511844891,0.0004424869099119988,-0.0035689934583775784,-0.0110210347226746,0.0054806963726670155,0.0,0.0,0.0,0.0,0.0,0.0,0.0,0.0,0.0,0.0,0.0,0.0,0.0,-0.00043348016666611144,0.0010650520093842264,-0.00796450045249919,-0.023710409168491875,0.00782249098774579,0.0,-0.000449237511844891,-0.0004424869099119988,0.0035689934583775784,0.0110210347226746,-0.0054806963726670155,0.0,0,1,1,0,0,1,1,0
1.620,2.483604499683058,0.8517594489268847,-0.4667093440456324,-0.4890215971958645,1.0549457656414964,0.0,0.6602200974660969,3.135335793217129,0.9758573386132037,0.18568442699797716,2.242124634152487,0.0,2.7774855257994036,0.6406093297118769,-1.8243865714539536,1.282316522072496,0.2557094426920244,1.0896085500717163,0.3697413013323941,2.2940764602826773,1.6318420543102652,-1.3064044952770812,3.3407976936432626,0.7286149859428406,0.000460085053456627,-0.001135258209192136,0.008488010808668456,0.025271791052689008,-0.00833273322310002,0.0,0.0004781356296342798,0.00047090083256939863,-0.0038042156149981077,-0.011746548369559406,0.005841232805277485,0.0,0.0,0.0,0.0,0.0,0.0,0.0,0.0,0.0,0.0,0.0,0.0,0.0,-0.000460085053456627,0.001135258209192136,-0.008488010808668456,-0.025271791052689008,0.00833273322310002,0.0,-0.0004781356296342798,-0.00047090083256939863,0.0038042156149981077,0.011746548369559406,-0.005841232805277485,0.0,0,1,1,0,0,1,1,0
1.720,2.483630769375536,0.85168944203365,-0.4661874200351961,-0.48746455542070927,1.0544375489965618,0.0,0.6602488535331961,3.1353640492823405,0.9756227546342918,0.18496096511446328,2.242484119898841,0.0,2.7774855257994036,0.6406093297118769,-1.8243865714539536,1.282316522072496,0.2557094426920244,1.0896085500717163,0.3697413013323941,2.2940764602826773,1.6318420543102652,-1.3064044952770812,3.3407976936432626,0.7286149859428406,0.000486354745934392,-0.0012052651024268002,0.009009934819104781,0.026828832827844262,-0.008840949868034631,0.0,0.000506891696733458,0.0004991568977810168,-0.004038799593909959,-0.012470010253073288,0.006200718551631734,0.0,0.0,0.0,0.0,0.0,0.0,0.0,0.0,0.0,0.0,0.0,0.0,0.0,-0.000486354745934392,0.0012052651024268002,-0.009009934819104781,-0.026828832827844262,0.008840949868034631,0.0,-0.000506891696733458,-0.0004991568977810168,0.004038799593909959,0.012470010253073288,-0.006200718551631734,0.0,0,1,1,0,0,1,1,0
1.820,2.4836652382794018,0.8515965030657984,-0.4654946617270178,-0.4853972528224043,1.0537637238840427,0.0,0.6602869440975666,3.135401446151892,0.9753112729461788,0.1840004720199131,2.242961337777272,0.0,2.7774855257994036,0.6406093297118769,-1.8243865714539536,1.282316522072496,0.2557094426920244,1.0896085500717163,0.3697413013323941,2.2940764602826773,1.6318420543102652,-1.3064044952770812,3.3407976936432626,0.7286149859428406,0.0005208236498002172,-0.0012982040702784747,0.009702693127283057,0.028896135426149216,-0.009514774980553753,0.0,0.0005449822611039989,0.0005365537673327481,-0.004350281282022972,-0.013430503347623468,0.006677936430062648,0.0,0.0,0.0,0.0,0.0,0.0,0.0,0.0,0.0,0.0,0.0,0.0,0.0,-0.0005208236498002172,0.0012982040702784747,-0.009702693127283057,-0.028896135426149216,0.009514774980553753,0.0,-0.0005449822611039989,-0.0005365537673327481,0.004350281282022972,0.013430503347623468,-0.006677936430062648,0.0,0,1,1,0,0,1,1,0
1.920,2.483690630524298,0.8515272156208554,-0.46497828071579633,-0.48385582322952986,1.0532620033808597,0.0,0.6603152835522904,3.135429243799136,0.9750790104266188,0.18328434821582537,2.2433171061324404,0.0,2.7774855257994036,0.6406093297118769,-1.8243865714539536,1.282316522072496,0.2557094426920244,1.0896085500717163,0.3697413013323941,2.2940764602826773,1.6318420543102652,-1.3064044952770812,3.3407976936432626,0.7286149859428406,0.0005462158946962781,-0.0013674915152214195,0.010219074138504536,0.03043756501902367,-0.010016495483736731,0.0,0.0005733217158278014,0.0005643514145763362,-0.004582543801582961,-0.014146627151711194,0.00703370478523091,0.0,0.0,0.0,0.0,0.0,0.0,0.0,0.0,0.0,0.0,0.0,0.0,0.0,-0.0005462158946962781,0.0013674915152214195,-0.010219074138504536,-0.03043756501902367,0.010016495483736731,0.0,-0.0005733217158278014,-0.0005643514145763362,0.004582543801582961,0.014146627151711194,-0.00703370478523091,0.0,0,1,1,0,0,1,1,0
2.020,2.483707429886806,0.851480976146459,-0.4646337016602972,-0.48282700849569926,1.0529274670660973,0.0,0.6603341710022111,3.1354477569363057,0.9749239825687062,0.1828063978566098,2.2435545337740934,0.0,2.7774855257994036,0.6406093297118769,-1.8243865714539536,1.282316522072496,0.2557094426920244,1.0896085500717163,0.3697413013323941,2.2940764602826773,1.6318420543102652,-1.3064044952770812,3.3407976936432626,0.7286149859428406,0.00056301525720448,-0.001413730989617834,0.010563653194003653,0.03146637975285427,-0.010351031798499166,0.0,0.0005922091657485362,0.000582864551746276,-0.004737571659495621,-0.014624577510926773,0.007271132426883931,0.0,0.0,0.0,0.0,0.0,0.0,0.0,0.0,0.0,0.0,0.0,0.0,0.0,-0.00056301525720448,0.001413730989617834,-0.010563653194003653,-0.03146637975285427,0.010351031798499166,0.0,-0.0005922091657485362,-0.000582864551746276,0.004737571659495621,0.014624577510926773,-0.007271132426883931,0.0,0,1,1,0,0,1,1,0
2.120,2.4837321406001314,0.8514123608900761,-0.46412241462656956,-0.481300114643225,1.052431464693395,0.0,0.660362164196029,3.1354751745639913,0.974693893143168,0.1820970890458729,2.2439068667812014,0.0,2.7774855257994036,0.6406093297118769,-1.8243865714539536,1.282316522072496,0.2557094426920244,1.0896085500717163,0.3697413013323941,2.2940764602826773,1.6318420543102652,-1.3064044952770812,3.3407976936432626,0.7286149859428406,0.0005877259705298066,-0.001482346246000743,0.011074940227731311,0.032993273605328555,-0.010847034171201475,0.0,0.0006202023595663908,0.0006102821794318203,-0.00496766108503377,-0.015333886321663659,0.007623465433991949,0.0,0.0,0.0,0.0,0.0,0.0,0.0,0.0,0.0,0.0,0.0,0.0,0.0,-0.0005877259705298066,0.001482346246000743,-0.011074940227731311,-0.032993273605328555,0.010847034171201475,0.0,-0.0006202023595663908,-0.0006102821794318203,0.00496766108503377,0.015333886321663659,-0.007623465433991949,0.0,0,1,1,0,0,1,1,0
2.220,2.4837566013868493,0.8513437095932685,-0.4636108934011657,-0.47977211320402824,1.0519356926311128,0.0,0.6603901347854332,3.135502543698603,0.9744636282841918,0.1813873038062965,2.2442594069099338,0.0,2.7774855257994036,0.6406093297118769,-1.8243865714539536,1.282316522072496,0.2557094426920244,1.0896085500717163,0.3697413013323941,2.2940764602826773,1.6318420543102652,-1.3064044952770812,3.3407976936432626,0.7286149859428406,0.0006121867572477235,-0.0015509975428082967,0.011586461453135188,0.03452127504452529,-0.011342806233483715,0.0,0.0006481729489705712,0.0006376513140433637,-0.005197925944010029,-0.016043671561240064,0.007976005562724264,0.0,0.0,0.0,0.0,0.0,0.0,0.0,0.0,0.0,0.0,0.0,0.0,0.0,-0.0006121867572477235,0.0015509975428082967,-0.011586461453135188,-0.03452127504452529,0.011342806233483715,0.0,-0.0006481729489705712,-0.0006376513140433637,0.005197925944010029,0.016043671561240064,-0.007976005562724264,0.0,0,1,1,0,0,1,1,0
2.320,2.483780645647718,0.8512754891031622,-0.4631026046291097,-0.4782533566731595,1.0514435062190144,0.0,0.6604178966540385,3.1355296808506323,0.974234749388651,0.18068185163034065,2.2446097656611235,0.0,2.7774855257994036,0.6406093297118769,-1.8243865714539536,1.282316522072496,0.2557094426920244,1.0896085500717163,0.3697413013323941,2.2940764602826773,1.6318420543102652,-1.3064044952770812,3.3407976936432626,0.7286149859428406,0.0006362310181162734,-0.0016192180329146488,0.012094750225191186,0.03604003157539404,-0.011834992645582076,0.0,0.000675934817575885,0.0006647884660728742,-0.005426804839550825,-0.01674912373719592,0.008326364313913981,0.0,0.0,0.0,0.0,0.0,0.0,0.0,0.0,0.0,0.0,0.0,0.0,0.0,-0.0006362310181162734,0.0016192180329146488,-0.012094750225191186,-0.03604003157539404,0.011834992645582076,0.0,-0.000675934817575885,-0.0006647884660728742,0.005426804839550825,0.01674912373719592,-0.008326364313913981,0.0,0,1,1,0,0,1,1,0
2.420,2.4838043415595483,0.8512075094686092,-0.46259612150898016,-0.4767395810898085,1.0509535169001178,0.0,0.6604455312238887,3.135556664447998,0.9740066151815481,0.1799787522873895,2.2449589269626617,0.0,2.7774855257994036,0.6406093297118769,-1.8243865714539536,1.282316522072496,0.2557094426920244,1.0896085500717163,0.3697413013323941,2.2940764602826773,1.6318420543102652,-1.3064044952770812,3.3407976936432626,0.7286149859428406,0.0006599269299467636,-0.0016871976674676104,0.012601233345320706,0.03755380715874501,-0.01232498196447862,0.0,0.0007035693874261062,0.0006917720634387337,-0.005654939046653706,-0.017452223080147072,0.008675525615452262,0.0,0.0,0.0,0.0,0.0,0.0,0.0,0.0,0.0,0.0,0.0,0.0,0.0,-0.0006599269299467636,0.0016871976674676104,-0.012601233345320706,-0.03755380715874501,0.01232498196447862,0.0,-0.0007035693874261062,-0.0006917720634387337,0.005654939046653706,0.017452223080147072,-0.008675525615452262,0.0,0,1,1,0,0,1,1,0
2.520,2.483827638716081,0.8511399189538974,-0.4620925376335266,-0.47523405430418303,1.0504667758215913,0.0,0.660472982174563,3.135583438403154,0.9737797194099495,0.17927952393086968,2.245306137342074,0.0,2.7774855257994036,0.6406093297118769,-1.8243865714539536,1.282316522072496,0.2557094426920244,1.0896085500717163,0.3697413013323941,2.2940764602826773,1.6318420543102652,-1.3064044952770812,3.3407976936432626,0.7286149859428406,0.0006832240864795835,-0.0017547881821794453,0.013104817220774279,0.0390593339443705,-0.012811723043005152,0.0,0.0007310203381003522,0.0007185460185943349,-0.0058818348182523295,-0.018151451436666882,0.009022735994864473,0.0,0.0,0.0,0.0,0.0,0.0,0.0,0.0,0.0,0.0,0.0,0.0,0.0,-0.0006832240864795835,0.0017547881821794453,-0.013104817220774279,-0.0390593339443705,0.012811723043005152,0.0,-0.0007310203381003522,-0.0007185460185943349,0.0058818348182523295,0.018151451436666882,-0.009022735994864473,0.0,0,1,1,0,0,1,1,0
2.620,2.483850547694787,0.8510726924026616,-0.4615916550134452,-0.47373618469152884,1.049983083924749,0.0,0.6605002635570194,3.1356100154625706,0.9735539741384645,0.17858389203313765,2.2456515336194567,0.0,2.7774855257994036,0.6406093297118769,-1.8243865714539536,1.282316522072496,0.2557094426920244,1.0896085500717163,0.3697413013323941,2.2940764602826773,1.6318420543102652,-1.3064044952770812,3.3407976936432626,0.7286149859428406,0.0007061330651856323,-0.0018220147334152559,0.01360569984085569,0.04055720355702469,-0.013295414939847428,0.0,0.0007583017205567977,0.0007451230780111118,-0.00610758008973733,-0.018847083334398912,0.009368132272247198,0.0,0.0,0.0,0.0,0.0,0.0,0.0,0.0,0.0,0.0,0.0,0.0,0.0,-0.0007061330651856323,0.0018220147334152559,-0.01360569984085569,-0.04055720355702469,0.013295414939847428,0.0,-0.0007583017205567977,-0.0007451230780111118,0.00610758008973733,0.018847083334398912,-0.009368132272247198,0.0,0,1,1,0,0,1,1,0
2.720,2.483880572769258,0.8509833829121063,-0.4609262059226587,-0.471745528887509,1.0493411487216202,0.0,0.6605364786581721,3.1356452445413097,0.9732539571648494,0.17765946668499094,2.2461104873101663,0.0,2.7774855257994036,0.6406093297118769,-1.8243865714539536,1.282316522072496,0.2557094426920244,1.0896085500717163,0.3697413013323941,2.2940764602826773,1.6318420543102652,-1.3064044952770812,3.3407976936432626,0.7286149859428406,0.0007361581396563288,-0.0019113242239705563,0.014271148931642164,0.04254785936104455,-0.013937350142976257,0.0,0.0007945168217095011,0.0007803521567502081,-0.006407597063352366,-0.019771508682545624,0.009827085962956783,0.0,0.0,0.0,0.0,0.0,0.0,0.0,0.0,0.0,0.0,0.0,0.0,0.0,-0.0007361581396563288,0.0019113242239705563,-0.014271148931642164,-0.04254785936104455,0.013937350142976257,0.0,-0.0007945168217095011,-0.0007803521567502081,0.006407597063352366,0.019771508682545624,-0.009827085962956783,0.0,0,1,1,0,0,1,1,0
2.820,2.483902634917029,0.8509168473684835,-0.4604304085425258,-0.47026188161172944,1.0488633708730248,0.0,0.6605634424082716,3.135671434485832,0.973030351642626,0.17697053534428922,2.2464524919933946,0.0,2.7774855257994036,0.6406093297118769,-1.8243865714539536,1.282316522072496,0.2557094426920244,1.0896085500717163,0.3697413013323941,2.2940764602826773,1.6318420543102652,-1.3064044952770812,3.3407976936432626,0.7286149859428406,0.0007582202874272248,-0.0019778597675933485,0.014766946311775053,0.04403150663682409,-0.01441512799157163,0.0,0.0008214805718089746,0.0008065421012726226,-0.006631202585575813,-0.020460440023247345,0.010169090646185097,0.0,0.0,0.0,0.0,0.0,0.0,0.0,0.0,0.0,0.0,0.0,0.0,0.0,-0.0007582202874272248,0.0019778597675933485,-0.014766946311775053,-0.04403150663682409,0.01441512799157163,0.0,-0.0008214805718089746,-0.0008065421012726226,0.006631202585575813,0.020460440023247345,-0.010169090646185097,0.0,0,1,1,0,0,1,1,0
2.920,2.483917185036988,0.8508725249066847,-0.46010011111827614,-0.46927324566031015,1.0485453148742885,0.0,0.6605813981530458,3.1356888553916225,0.972881351020775,0.17651148576113654,2.246680361724658,0.0,2.7774855257994036,0.6406093297118769,-1.8243865714539536,1.282316522072496,0.2557094426920244,1.0896085500717163,0.3697413013323941,2.2940764602826773,1.6318420543102652,-1.3064044952770812,3.3407976936432626,0.7286149859428406,0.0007727704073863251,-0.0020221822293921,0.015097243736024724,0.045020142588243384,-0.014733183990307985,0.0,0.0008394363165832308,0.000823963007063,-0.006780203207426783,-0.020919489606400027,0.010396960377448305,0.0,0.0,0.0,0.0,0.0,0.0,0.0,0.0,0.0,0.0,0.0,0.0,0.0,-0.0007727704073863251,0.0020221822293921,-0.015097243736024724,-0.045020142588243384,0.014733183990307985,0.0,-0.0008394363165832308,-0.000823963007063,0.006780203207426783,0.020919489606400027,-0.010396960377448305,0.0,0,1,1,0,0,1,1,0
3.020,2.4839386918572512,0.8508063419500053,-0.4596068642396632,-0.46779651482552137,1.048070700873599,0.0,0.6606082031371716,3.1357148319080967,0.9726587888679841,0.17582583631433205,2.247020691727117,0.0,2.7774855257994036,0.6406093297118769,-1.8243865714539536,1.282316522072496,0.2557094426920244,1.0896085500717163,0.3697413013323941,2.2940764602826773,1.6318420543102652,-1.3064044952770812,3.3407976936432626,0.7286149859428406,0.0007942772276496868,-0.0020883651860715835,0.015590490614637686,0.04649687342303216,-0.015207797990997474,0.0,0.0008662413007090031,0.0008499395235372909,-0.007002765360217711,-0.02160513905320452,0.01073729037990745,0.0,0.0,0.0,0.0,0.0,0.0,0.0,0.0,0.0,0.0,0.0,0.0,0.0,-0.0007942772276496868,0.0020883651860715835,-0.015590490614637686,-0.04649687342303216,0.015207797990997474,0.0,-0.0008662413007090031,-0.0008499395235372909,0.007002765360217711,0.02160513905320452,-0.01073729037990745,0.0,0,1,1,0,0,1,1,0
3.120,2.4839598139614907,0.8507405340860179,-0.4591163548971917,-0.4663275469063378,1.0475991391435453,0.0,0.6606348507424493,3.135740619110696,0.9724373986500074,0.17514383402243452,2.247359184504129,0.0,2.7774855257994036,0.6406093297118769,-1.8243865714539536,1.282316522072496,0.2557094426920244,1.0896085500717163,0.3697413013323941,2.2940764602826773,1.6318420543102652,-1.3064044952770812,3.3407976936432626,0.7286149859428406,0.0008153993318891217,-0.0021541730500589384,0.016080999957109154,0.04796584134221571,-0.015679359721051167,0.0,0.0008928889059867107,0.0008757267261363388,-0.007224155578194336,-0.02228714134510204,0.011075783156919705,0.0,0.0,0.0,0.0,0.0,0.0,0.0,0.0,0.0,0.0,0.0,0.0,0.0,-0.0008153993318891217,0.0021541730500589384,-0.016080999957109154,-0.04796584134221571,0.015679359721051167,0.0,-0.0008928889059867107,-0.0008757267261363388,0.007224155578194336,0.02228714134510204,-0.011075783156919705,0.0,0,1,1,0,0,1,1,0
3.220,2.4839805486880966,0.8506751169356205,-0.4586286915308582,-0.46486666753225625,1.0471307265765462,0.0,0.6606613375902671,3.1357662131524022,0.972217230424764,0.1744656302333757,2.2476957654047838,0.0,2.7774855257994036,0.6406093297118769,-1.8243865714539536,1.282316522072496,0.2557094426920244,1.0896085500717163,0.3697413013323941,2.2940764602826773,1.6318420543102652,-1.3064044952770812,3.3407976936432626,0.7286149859428406,0.0008361340584950305,-0.0022195902004563672,0.016568663323442645,0.04942672071629728,-0.01614777228805031,0.0,0.0009193757538045189,0.0009013207678427726,-0.007444323803437736,-0.022965345134160875,0.011412364057574287,0.0,0.0,0.0,0.0,0.0,0.0,0.0,0.0,0.0,0.0,0.0,0.0,0.0,-0.0008361340584950305,0.0022195902004563672,-0.016568663323442645,-0.04942672071629728,0.01614777228805031,0.0,-0.0009193757538045189,-0.0009013207678427726,0.007444323803437736,0.022965345134160875,-0.011412364057574287,0.0,0,1,1,0,0,1,1,0
3.320,2.484000934551788,0.8506099746264282,-0.45814300258161605,-0.46341126571752383,1.0466646197148188,0.0,0.6606877134059773,3.1357916614695465,0.9719978916433084,0.17379001307219025,2.2480310362585474,0.0,2.7774855257994036,0.6406093297118769,-1.8243865714539536,1.282316522072496,0.2557094426920244,1.0896085500717163,0.3697413013323941,2.2940764602826773,1.6318420543102652,-1.3064044952770812,3.3407976936432626,0.7286149859428406,0.0008565199221863828,-0.002284732509648668,0.017054352272684814,0.050882122531029694,-0.016613879149777633,0.0,0.0009457515695147078,0.0009267690849870114,-0.0076636625848933715,-0.02364096229534632,0.0117476349113379,0.0,0.0,0.0,0.0,0.0,0.0,0.0,0.0,0.0,0.0,0.0,0.0,0.0,-0.0008565199221863828,0.002284732509648668,-0.017054352272684814,-0.050882122531029694,0.016613879149777633,0.0,-0.0009457515695147078,-0.0009267690849870114,0.0076636625848933715,0.02364096229534632,-0.0117476349113379,0.0,0,1,1,0,0,1,1,0
3.420,2.4840210006528194,0.8505450173388787,-0.457658610689348,-0.4619593102699057,1.0462001635833376,0.0,0.6607140172536431,3.135817001063142,0.9717790771238396,0.17311604002318556,2.2483654650893787,0.0,2.7774855257994036,0.6406093297118769,-1.8243865714539536,1.282316522072496,0.2557094426920244,1.0896085500717163,0.3697413013323941,2.2940764602826773,1.6318420543102652,-1.3064044952770812,3.3407976936432626,0.7286149859428406,0.0008765860232178291,-0.0023496897971981845,0.01753874416495288,0.05233407797864781,-0.017078335281258905,0.0,0.000972055417180484,0.0009521086785824195,-0.007882477104362184,-0.024314935344351002,0.012082063742169247,0.0,0.0,0.0,0.0,0.0,0.0,0.0,0.0,0.0,0.0,0.0,0.0,0.0,-0.0008765860232178291,0.0023496897971981845,-0.01753874416495288,-0.05233407797864781,0.017078335281258905,0.0,-0.000972055417180484,-0.0009521086785824195,0.007882477104362184,0.024314935344351002,-0.012082063742169247,0.0,0,1,1,0,0,1,1,0
3.520,2.484047198324904,0.8504588939855963,-0.45701624033074595,-0.46003312788054807,1.0455848558475453,0.0,0.6607489011592621,3.1358505437713164,0.9714888041830424,0.17222200859271145,2.2488090477384333,0.0,2.7774855257994036,0.6406093297118769,-1.8243865714539536,1.282316522072496,0.2557094426920244,1.0896085500717163,0.3697413013323941,2.2940764602826773,1.6318420543102652,-1.3064044952770812,3.3407976936432626,0.7286149859428406,0.0009027836953023893,-0.0024358131504805813,0.01818111452355492,0.054260260368005464,-0.01769364301705112,0.0,0.0010069393227994938,0.0009856513867569916,-0.008172750045159383,-0.02520896677482512,0.012525646391223777,0.0,0.0,0.0,0.0,0.0,0.0,0.0,0.0,0.0,0.0,0.0,0.0,0.0,-0.0009027836953023893,0.0024358131504805813,-0.01818111452355492,-0.054260260368005464,0.01769364301705112,0.0,-0.0010069393227994938,-0.0009856513867569916,0.008172750045159383,0.02520896677482512,-0.012525646391223777,0.0,0,1,1,0,0,1,1,0
3.620,2.4840663935731895,0.8503947923725602,-0.4565380089930383,-0.45859860668255564,1.0451272344185993,0.0,0.6607748752295597,3.135875471652709,0.9712726318700586,0.17155623286103908,2.2491393492454232,0.0,2.7774855257994036,0.6406093297118769,-1.8243865714539536,1.282316522072496,0.2557094426920244,1.0896085500717163,0.3697413013323941,2.2940764602826773,1.6318420543102652,-1.3064044952770812,3.3407976936432626,0.7286149859428406,0.00092197894358792,-0.0024999147635166308,0.018659345861262555,0.055694781565997886,-0.01815126444599713,0.0,0.001032913393097079,0.001010579268149403,-0.008388922358143147,-0.02587474250649749,0.01285594789821376,0.0,0.0,0.0,0.0,0.0,0.0,0.0,0.0,0.0,0.0,0.0,0.0,0.0,-0.00092197894358792,0.0024999147635166308,-0.018659345861262555,-0.055694781565997886,0.01815126444599713,0.0,-0.001032913393097079,-0.001010579268149403,0.008388922358143147,0.02587474250649749,-0.01285594789821376,0.0,0,1,1,0,0,1,1,0
3.720,2.48408528536501,0.8503308343893875,-0.4560607425939972,-0.4571665317750094,1.0446709294212289,0.0,0.6608008023164611,3.1359003128715512,0.9710568360063694,0.17089163828961154,2.2494690394236354,0.0,2.7774855257994036,0.6406093297118769,-1.8243865714539536,1.282316522072496,0.2557094426920244,1.0896085500717163,0.3697413013323941,2.2940764602826773,1.6318420543102652,-1.3064044952770812,3.3407976936432626,0.7286149859428406,0.0009408707354086054,-0.002563872746689344,0.019136612260303665,0.05712685647354415,-0.01860756944336761,0.0,0.0010588404799984907,0.0010354204869917893,-0.008604718221832397,-0.026539337077925024,0.01318563807642592,0.0,0.0,0.0,0.0,0.0,0.0,0.0,0.0,0.0,0.0,0.0,0.0,0.0,-0.0009408707354086054,0.002563872746689344,-0.019136612260303665,-0.05712685647354415,0.01860756944336761,0.0,-0.0010588404799984907,-0.0010354204869917893,0.008604718221832397,0.026539337077925024,-0.01318563807642592,0.0,0,1,1,0,0,1,1,0
3.820,2.484097698676489,0.8502883186197089,-0.4557434192434689,-0.4562141274961903,1.0443677600408563,0.0,0.6608180446111727,3.1359168095655576,0.9709133252994164,0.17044967409901357,2.249688273751456,0.0,2.7774855257994036,0.6406093297118769,-1.8243865714539536,1.282316522072496,0.2557094426920244,1.0896085500717163,0.3697413013323941,2.2940764602826773,1.6318420543102652,-1.3064044952770812,3.3407976936432626,0.7286149859428406,0.000953284046887326,-0.0026063885163679634,0.019453935610831974,0.05807926075236325,-0.01891073882374017,0.0,0.001076082774710052,0.0010519171809981742,-0.008748228928785351,-0.026981301268522995,0.013404872404246593,0.0,0.0,0.0,0.0,0.0,0.0,0.0,0.0,0.0,0.0,0.0,0.0,0.0,-0.000953284046887326,0.0026063885163679634,-0.019453935610831974,-0.05807926075236325,0.01891073882374017,0.0,-0.001076082774710052,-0.0010519171809981742,0.008748228928785351,0.026981301268522995,-0.013404872404246593,0.0,0,1,1,0,0,1,1,0
3.920,2.4841159788850655,0.8502249685467361,-0.4552704971578835,-0.45479433763210886,1.043916254021785,0.0,0.6608437489362791,3.1359413669010965,0.970699395452225,0.16979085795176346,2.250015055752494,0.0,2.7774855257994036,0.6406093297118769,-1.8243865714539536,1.282316522072496,0.2557094426920244,1.0896085500717163,0.3697413013323941,2.2940764602826773,1.6318420543102652,-1.3064044952770812,3.3407976936432626,0.7286149859428406,0.0009715642554639636,-0.00266973858934072,0.019926857696417388,0.05949905061644467,-0.01936224484281146,0.0,0.0011017870998164536,0.0010764745165370293,-0.008962158775976836,-0.027640117415773102,0.013731654405284566,0.0,0.0,0.0,0.0,0.0,0.0,0.0,0.0,0.0,0.0,0.0,0.0,0.0,-0.0009715642554639636,0.00266973858934072,-0.019926857696417388,-0.05949905061644467,0.01936224484281146,0.0,-0.0011017870998164536,-0.0010764745165370293,0.008962158775976836,0.027640117415773102,-0.013731654405284566,0.0,0,1,1,0,0,1,1,0
4.020,2.484133934540475,0.850161846270942,-0.4547991518302701,-0.45337882774310906,1.0434666361977019,0.0,0.660869377924748,3.1359658092281646,0.9704861204509572,0.16913407477899803,2.25034080466208,0.0,2.7774855257994036,0.6406093297118769,-1.8243865714539536,1.282316522072496,0.2557094426920244,1.0896085500717163,0.3697413013323941,2.2940764602826773,1.6318420543102652,-1.3064044952770812,3.3407976936432626,0.7286149859428406,0.000989519910873593,-0.0027328608651348008,0.02039820302403078,0.06091456050544447,-0.01981186266689461,0.0,0.0011274160882853712,0.0011009168436051375,-0.009175433777244613,-0.028296900588538537,0.014057403314870598,0.0,0.0,0.0,0.0,0.0,0.0,0.0,0.0,0.0,0.0,0.0,0.0,0.0,-0.000989519910873593,0.0027328608651348008,-0.02039820302403078,-0.06091456050544447,0.01981186266689461,0.0,-0.0011274160882853712,-0.0011009168436051375,0.009175433777244613,0.028296900588538537,-0.014057403314870598,0.0,0,1,1,0,0,1,1,0
4.120,2.484151537661698,0.8500990558864407,-0.45433015501796564,-0.4519699150950189,1.0430196376804413,0.0,0.6608948912937038,3.135990097783477,0.9702738501651353,0.1684804000425362,2.250664987383979,0.0,2.7774855257994036,0.6406093297118769,-1.8243865714539536,1.282316522072496,0.2557094426920244,1.0896085500717163,0.3697413013323941,2.2940764602826773,1.6318420543102652,-1.3064044952770812,3.3407976936432626,0.7286149859428406,0.0010071230320964908,-0.0027956512496360997,0.020867199836335226,0.06232347315353465,-0.020258861184155208,0.0,0.001152929457241214,0.0011252053989174726,-0.009387704063066438,-0.028950575325000366,0.014381586036769534,0.0,0.0,0.0,0.0,0.0,0.0,0.0,0.0,0.0,0.0,0.0,0.0,0.0,-0.0010071230320964908,0.0027956512496360997,-0.020867199836335226,-0.06232347315353465,0.020258861184155208,0.0,-0.001152929457241214,-0.0011252053989174726,0.009387704063066438,0.028950575325000366,-0.014381586036769534,0.0,0,1,1,0,0,1,1,0
4.220,2.4841687940328643,0.8500365845855372,-0.4538634060520445,-0.45056729784466426,1.0425751567336312,0.0,0.6609202960992973,3.1360142390638677,0.9700625397970324,0.16782969386673594,2.2509876736408745,0.0,2.7774855257994036,0.6406093297118769,-1.8243865714539536,1.282316522072496,0.2557094426920244,1.0896085500717163,0.3697413013323941,2.2940764602826773,1.6318420543102652,-1.3064044952770812,3.3407976936432626,0.7286149859428406,0.0010243794032627207,-0.0028581225505396324,0.021333948802256364,0.06372609040388927,-0.020703342130965252,0.0,0.001178334262834646,0.0011493466793082163,-0.009599014431169395,-0.02960128150080063,0.014704272293665,0.0,0.0,0.0,0.0,0.0,0.0,0.0,0.0,0.0,0.0,0.0,0.0,0.0,-0.0010243794032627207,0.0028581225505396324,-0.021333948802256364,-0.06372609040388927,0.020703342130965252,0.0,-0.001178334262834646,-0.0011493466793082163,0.009599014431169395,0.02960128150080063,-0.014704272293665,0.0,0,1,1,0,0,1,1,0
4.320,2.484185702477994,0.8499744448223003,-0.45339899326225985,-0.44917124214302195,1.0421332716901297,0.0,0.6609455890340316,3.1360382297480283,0.9698522300934532,0.1671820798746429,2.2513088024796244,0.0,2.7774855257994036,0.6406093297118769,-1.8243865714539536,1.282316522072496,0.2557094426920244,1.0896085500717163,0.3697413013323941,2.2940764602826773,1.6318420543102652,-1.3064044952770812,3.3407976936432626,0.7286149859428406,0.0010412878483925248,-0.0029202623137765116,0.021798361592041016,0.06512214610553158,-0.021145227174466763,0.0,0.001203627197568946,0.0011733373634688071,-0.009809324134748554,-0.030248895492893668,0.015025401132414906,0.0,0.0,0.0,0.0,0.0,0.0,0.0,0.0,0.0,0.0,0.0,0.0,0.0,-0.0010412878483925248,0.0029202623137765116,-0.021798361592041016,-0.06512214610553158,0.021145227174466763,0.0,-0.001203627197568946,-0.0011733373634688071,0.009809324134748554,0.030248895492893668,-0.015025401132414906,0.0,0,1,1,0,0,1,1,0
4.420,2.484207761479823,0.849891912349442,-0.4527819430282173,-0.447315629526593,1.0415467258566273,0.0,0.6609792213852521,3.1360700607803063,0.9695727102638827,0.16632135851837937,2.251735566664899,0.0,2.7774855257994036,0.6406093297118769,-1.8243865714539536,1.282316522072496,0.2557094426920244,1.0896085500717163,0.3697413013323941,2.2940764602826773,1.6318420543102652,-1.3064044952770812,3.3407976936432626,0.7286149859428406,0.0010633468502212473,-0.003002794786634899,0.022415411826083587,0.06697775872196055,-0.021731773007969135,0.0,0.0012372595487895044,0.001205168395746803,-0.010088843964319083,-0.031109616849157196,0.015452165317689559,0.0,0.0,0.0,0.0,0.0,0.0,0.0,0.0,0.0,0.0,0.0,0.0,0.0,-0.0010633468502212473,0.003002794786634899,-0.022415411826083587,-0.06697775872196055,0.021731773007969135,0.0,-0.0012372595487895044,-0.001205168395746803,0.010088843964319083,0.031109616849157196,-0.015452165317689559,0.0,0,1,1,0,0,1,1,0
4.520,2.4842238663813,0.8498305467156249,-0.4523229681073346,-0.44593484655068555,1.0411108639978028,0.0,0.6610042594665987,3.136093705327848,0.969364732197463,0.16568094283289186,2.2520530711434694,0.0,2.7774855257994036,0.6406093297118769,-1.8243865714539536,1.282316522072496,0.2557094426920244,1.0896085500717163,0.3697413013323941,2.2940764602826773,1.6318420543102652,-1.3064044952770812,3.3407976936432626,0.7286149859428406,0.0010794517516985458,-0.003064160420451989,0.02287438674696629,0.06835854169786798,-0.02216763486679363,0.0,0.0012622976301360778,0.001228812943288471,-0.010296822030738784,-0.0317500325346447,0.015769669796259933,0.0,0.0,0.0,0.0,0.0,0.0,0.0,0.0,0.0,0.0,0.0,0.0,0.0,-0.0010794517516985458,0.003064160420451989,-0.02287438674696629,-0.06835854169786798,0.02216763486679363,0.0,-0.0012622976301360778,-0.001228812943288471,0.010296822030738784,0.0317500325346447,-0.015769669796259933,0.0,0,1,1,0,0,1,1,0
4.620,2.484234466847697,0.8497896153953449,-0.452016740774684,-0.4450133311453152,1.0408202583630999,0.0,0.6610209759622597,3.136109466130821,0.9692259384910864,0.1652535658442406,2.2522649425587185,0.0,2.7774855257994036,0.6406093297118769,-1.8243865714539536,1.282316522072496,0.2557094426920244,1.0896085500717163,0.3697413013323941,2.2940764602826773,1.6318420543102652,-1.3064044952770812,3.3407976936432626,0.7286149859428406,0.0010900522180956607,-0.0031050917407319245,0.023180614079616857,0.06928005710323831,-0.022458240501496585,0.0,0.0012790141257971177,0.0012445737462614126,-0.010435615737115378,-0.03217740952329595,0.015981541211508965,0.0,0.0,0.0,0.0,0.0,0.0,0.0,0.0,0.0,0.0,0.0,0.0,0.0,-0.0010900522180956607,0.0031050917407319245,-0.023180614079616857,-0.06928005710323831,0.022458240501496585,0.0,-0.0012790141257971177,-0.0012445737462614126,0.010435615737115378,0.03217740952329595,-0.015981541211508965,0.0,0,1,1,0,0,1,1,0
4.720,2.4842500580200775,0.8497285964744237,-0.45156009323405266,-0.44363877359887227,1.0403872041715325,0.0,0.6610459213358887,3.136132947227011,0.9690189224180888,0.16461612023646804,2.2525809357927518,0.0,2.7774855257994036,0.6406093297118769,-1.8243865714539536,1.282316522072496,0.2557094426920244,1.0896085500717163,0.3697413013323941,2.2940764602826773,1.6318420543102652,-1.3064044952770812,3.3407976936432626,0.7286149859428406,0.0011056433904759189,-0.0031661106616531765,0.023637261620248207,0.07065461464968126,-0.022891294693063946,0.0,0.0013039594994260773,0.001268054842451516,-0.010642631810112935,-0.03281485513106852,0.016297534445542272,0.0,0.0,0.0,0.0,0.0,0.0,0.0,0.0,0.0,0.0,0.0,0.0,0.0,-0.0011056433904759189,0.0031661106616531765,-0.023637261620248207,-0.07065461464968126,0.022891294693063946,0.0,-0.0013039594994260773,-0.001268054842451516,0.010642631810112935,0.03281485513106852,-0.016297534445542272,0.0,0,1,1,0,0,1,1,0
4.820,2.484265319247698,0.849667878751811,-0.4511055338854677,-0.4422700329260877,1.039956484808165,0.0,0.6610707749509162,3.136156296002612,0.9688127978214698,0.16398142237369703,2.2528955439069605,0.0,2.7774855257994036,0.6406093297118769,-1.8243865714539536,1.282316522072496,0.2557094426920244,1.0896085500717163,0.3697413013323941,2.2940764602826773,1.6318420543102652,-1.3064044952770812,3.3407976936432626,0.7286149859428406,0.001120904618096219,-0.0032268283842658008,0.024091820968833166,0.07202335532246584,-0.023322014056431417,0.0,0.001328813114453542,0.0012914036180524668,-0.010848756406731996,-0.03344955299383953,0.016612142559750964,0.0,0.0,0.0,0.0,0.0,0.0,0.0,0.0,0.0,0.0,0.0,0.0,0.0,-0.001120904618096219,0.0032268283842658008,-0.024091820968833166,-0.07202335532246584,0.023322014056431417,0.0,-0.001328813114453542,-0.0012914036180524668,0.010848756406731996,0.03344955299383953,-0.016612142559750964,0.0,0,1,1,0,0,1,1,0
4.920,2.4842802522144254,0.8496074646944292,-0.4506530777754595,-0.440907155292344,1.039528109265559,0.0,0.6610955370937293,3.136179512707224,0.9686075721689714,0.16334949378373814,2.253208756545065,0.0,2.7774855257994036,0.6406093297118769,-1.8243865714539536,1.282316522072496,0.2557094426920244,1.0896085500717163,0.3697413013323941,2.2940764602826773,1.6318420543102652,-1.3064044952770812,3.3407976936432626,0.7286149859428406,0.001135837584823829,-0.0032872424416476864,0.02454427707884138,0.07338623295620955,-0.023750389599037414,0.0,0.0013535752572666482,0.0013146203226646058,-0.01105398205923036,-0.03408148158379842,0.01692535519785565,0.0,0.0,0.0,0.0,0.0,0.0,0.0,0.0,0.0,0.0,0.0,0.0,0.0,-0.001135837584823829,0.0032872424416476864,-0.02454427707884138,-0.07338623295620955,0.023750389599037414,0.0,-0.0013535752572666482,-0.0013146203226646058,0.01105398205923036,0.03408148158379842,-0.01692535519785565,0.0,0,1,1,0,0,1,1,0
5.020,2.484294837809234,0.8495474424026269,-0.4502033817369145,-0.43955212076004035,1.0391026937405772,0.0,0.6611201728305114,3.136202564657592,0.9684035440941309,0.16272125260829606,2.253520118975418,0.0,2.7774855257994036,0.6406093297118769,-1.8243865714539536,1.282316522072496,0.2557094426920244,1.0896085500717163,0.3697413013323941,2.2940764602826773,1.6318420543102652,-1.3064044952770812,3.3407976936432626,0.7286149859428406,0.0011504231796326536,-0.0033472647334499284,0.02499397311738638,0.07474126748851317,-0.02417580512401929,0.0,0.0013782109940487786,0.0013376722730327195,-0.011258010134070906,-0.0347097227592405,0.017236717628208442,0.0,0.0,0.0,0.0,0.0,0.0,0.0,0.0,0.0,0.0,0.0,0.0,0.0,-0.0011504231796326536,0.0033472647334499284,-0.02499397311738638,-0.07474126748851317,0.02417580512401929,0.0,-0.0013782109940487786,-0.0013376722730327195,0.011258010134070906,0.0347097227592405,-0.017236717628208442,0.0,0,1,1,0,0,1,1,0
5.120,2.4843091351981164,0.8494875766444974,-0.4497546801224326,-0.4381996093763957,1.0386785632405284,0.0,0.6611447799139446,3.1362255432904083,0.9681999130649367,0.16209423250431235,2.253830853817443,0.0,2.7774855257994036,0.6406093297118769,-1.8243865714539536,1.282316522072496,0.2557094426920244,1.0896085500717163,0.3697413013323941,2.2940764602826773,1.6318420543102652,-1.3064044952770812,3.3407976936432626,0.7286149859428406,0.0011647205685147988,-0.0034071304915794798,0.025442674731868287,0.07609377887215785,-0.024599935624068037,0.0,0.0014028180774819932,0.0013606509058488037,-0.01146164116326509,-0.03533674286322422,0.017547452470233704,0.0,0.0,0.0,0.0,0.0,0.0,0.0,0.0,0.0,0.0,0.0,0.0,0.0,-0.0011647205685147988,0.0034071304915794798,-0.025442674731868287,-0.07609377887215785,0.024599935624068037,0.0,-0.0014028180774819932,-0.0013606509058488037,0.01146164116326509,0.03533674286322422,-0.017547452470233704,0.0,0,1,1,0,0,1,1,0
5.220,2.4843277100255534,0.8494081752999524,-0.449159272254061,-0.43640414464137056,1.0381162909537576,0.0,0.6611774745489865,3.136256001544485,0.9679296196155669,0.16126194105204822,2.2542432812029936,0.0,2.7774855257994036,0.6406093297118769,-1.8243865714539536,1.282316522072496,0.2557094426920244,1.0896085500717163,0.3697413013323941,2.2940764602826773,1.6318420543102652,-1.3064044952770812,3.3407976936432626,0.7286149859428406,0.0011832953959518555,-0.0034865318361244624,0.026038082600239876,0.07788924360718297,-0.025162207910838896,0.0,0.0014355127125238454,0.0013911091599254632,-0.011731934612634887,-0.036169034315488346,0.017959879855784067,0.0,0.0,0.0,0.0,0.0,0.0,0.0,0.0,0.0,0.0,0.0,0.0,0.0,-0.0011832953959518555,0.0034865318361244624,-0.026038082600239876,-0.07788924360718297,0.025162207910838896,0.0,-0.0014355127125238454,-0.0013911091599254632,0.011731934612634887,0.036169034315488346,-0.017959879855784067,0.0,0,1,1,0,0,1,1,0
5.320,2.4843412455190728,0.8493490786151499,-0.4487159054444825,-0.43506660706467115,1.0376979915316011,0.0,0.661201853237214,3.1362786580973854,0.9677282849432642,0.1606419833744916,2.254550464665903,0.0,2.7774855257994036,0.6406093297118769,-1.8243865714539536,1.282316522072496,0.2557094426920244,1.0896085500717163,0.3697413013323941,2.2940764602826773,1.6318420543102652,-1.3064044952770812,3.3407976936432626,0.7286149859428406,0.001196830889471201,-0.003545628520926991,0.02648144940981839,0.07922678118388238,-0.025580507332995328,0.0,0.001459891400751423,0.0014137657128259207,-0.011933269284937542,-0.03678899199304497,0.018267063318693655,0.0,0.0,0.0,0.0,0.0,0.0,0.0,0.0,0.0,0.0,0.0,0.0,0.0,-0.001196830889471201,0.003545628520926991,-0.02648144940981839,-0.07922678118388238,0.025580507332995328,0.0,-0.001459891400751423,-0.0014137657128259207,0.011933269284937542,0.03678899199304497,-0.018267063318693655,0.0,0,1,1,0,0,1,1,0
5.420,2.4843501194919764,0.8493097333383429,-0.4484206155794841,-0.4341755179751637,1.0374195829892348,0.0,0.661218106082041,3.1362937367087196,0.9675941630182864,0.16022898674439257,2.2547550886369163,0.0,2.7774855257994036,0.6406093297118769,-1.8243865714539536,1.282316522072496,0.2557094426920244,1.0896085500717163,0.3697413013323941,2.2940764602826773,1.6318420543102652,-1.3064044952770812,3.3407976936432626,0.7286149859428406,0.0012057048623748123,-0.0035849737977339258,0.026776739274816774,0.08011787027338985,-0.02585891587536171,0.0,0.0014761442455784035,0.0014288443241601279,-0.012067391209915401,-0.037201988623144,0.01847168728970683,0.0,0.0,0.0,0.0,0.0,0.0,0.0,0.0,0.0,0.0,0.0,0.0,0.0,-0.0012057048623748123,0.0035849737977339258,-0.026776739274816774,-0.08011787027338985,0.02585891587536171,0.0,-0.0014761442455784035,-0.0014288443241601279,0.012067391209915401,0.037201988623144,-0.01847168728970683,0.0,0,1,1,0,0,1,1,0
5.520,2.484363167336948,0.8492509686505547,-0.4479794196351084,-0.4328437308192078,1.0370038866387372,0.0,0.6612424146962654,3.1363162498004047,0.9673937256956975,0.15961178206388277,2.255060871740888,0.0,2.7774855257994036,0.6406093297118769,-1.8243865714539536,1.282316522072496,0.2557094426920244,1.0896085500717163,0.3697413013323941,2.2940764602826773,1.6318420543102652,-1.3064044952770812,3.3407976936432626,0.7286149859428406,0.0012187527073463933,-0.00364373848552213,0.02721793521919247,0.08144965742934573,-0.02627461222585925,0.0,0.0015004528598028255,0.0014513574158452336,-0.012267828532504299,-0.0378191933036538,0.01877747039367872,0.0,0.0,0.0,0.0,0.0,0.0,0.0,0.0,0.0,0.0,0.0,0.0,0.0,-0.0012187527073463933,0.00364373848552213,-0.02721793521919247,-0.08144965742934573,0.02627461222585925,0.0,-0.0015004528598028255,-0.0014513574158452336,0.012267828532504299,0.0378191933036538,-0.01877747039367872,0.0,0,1,1,0,0,1,1,0
5.620,2.4843758638638747,0.8491926821264966,-0.4475416177339717,-0.43152170898804815,1.0365917162680993,0.0,0.6612665670233889,3.1363385711877387,0.9671947777282606,0.15899915593382455,2.255364365005996,0.0,2.7774855257994036,0.6406093297118769,-1.8243865714539536,1.282316522072496,0.2557094426920244,1.0896085500717163,0.3697413013323941,2.2940764602826773,1.6318420543102652,-1.3064044952770812,3.3407976936432626,0.7286149859428406,0.0012314492342730965,-0.0037020250095802787,0.02765573712032915,0.08277167926050538,-0.02668678259649715,0.0,0.00152460518692632,0.0014736788031792791,-0.012466776499941212,-0.03843181943371202,0.01908096365878631,0.0,0.0,0.0,0.0,0.0,0.0,0.0,0.0,0.0,0.0,0.0,0.0,0.0,-0.0012314492342730965,0.0037020250095802787,-0.02765573712032915,-0.08277167926050538,0.02668678259649715,0.0,-0.00152460518692632,-0.0014736788031792791,0.012466776499941212,0.03843181943371202,-0.01908096365878631,0.0,0,1,1,0,0,1,1,0
5.720,2.484388266841077,0.8491346222387062,-0.4471053190644671,-0.43020374519848065,1.0361812862203215,0.0,0.6612906679943742,3.1363607981067756,0.966996460557045,0.15838846353247896,2.2556668790008993,0.0,2.7774855257994036,0.6406093297118769,-1.8243865714539536,1.282316522072496,0.2557094426920244,1.0896085500717163,0.3697413013323941,2.2940764602826773,1.6318420543102652,-1.3064044952770812,3.3407976936432626,0.7286149859428406,0.0012438522114752715,-0.0037600848973706746,0.02809203578983377,0.08408964305007288,-0.027097212644275004,0.0,0.0015487061579115835,0.0014959057222161398,-0.012665093671156757,-0.03904251183505761,0.019383477653689862,0.0,0.0,0.0,0.0,0.0,0.0,0.0,0.0,0.0,0.0,0.0,0.0,0.0,-0.0012438522114752715,0.0037600848973706746,-0.02809203578983377,-0.08408964305007288,0.027097212644275004,0.0,-0.0015487061579115835,-0.0014959057222161398,0.012665093671156757,0.03904251183505761,-0.019383477653689862,0.0,0,1,1,0,0,1,1,0
5.820,2.484400365301419,0.8490768499149931,-0.4466709793325822,-0.4288912166115681,1.0357730209406661,0.0,0.6613146931311077,3.136382908080193,0.9667989817834064,0.15778034311646255,2.2559680978033985,0.0,2.7774855257994036,0.6406093297118769,-1.8243865714539536,1.282316522072496,0.2557094426920244,1.0896085500717163,0.3697413013323941,2.2940764602826773,1.6318420543102652,-1.3064044952770812,3.3407976936432626,0.7286149859428406,0.0012559506718172742,-0.0038178572210837425,0.02852637552171866,0.08540217163698544,-0.02750547792393032,0.0,0.00157273129464508,0.00151801569563359,-0.012862572444795384,-0.039650632251074014,0.019684696456188977,0.0,0.0,0.0,0.0,0.0,0.0,0.0,0.0,0.0,0.0,0.0,0.0,0.0,-0.0012559506718172742,0.0038178572210837425,-0.02852637552171866,-0.08540217163698544,0.02750547792393032,0.0,-0.00157273129464508,-0.00151801569563359,0.012862572444795384,0.039650632251074014,-0.019684696456188977,0.0,0,1,1,0,0,1,1,0
5.920,2.4844121584572796,0.84901937904586,-0.44623870102403684,-0.4275844336779036,1.0353670124857826,0.0,0.6613386374082397,3.136404896609894,0.9666023884720893,0.15717493863677015,2.2562679503590264,0.0,2.7774855257994036,0.6406093297118769,-1.8243865714539536,1.282316522072496,0.2557094426920244,1.0896085500717163,0.3697413013323941,2.2940764602826773,1.6318420543102652,-1.3064044952770812,3.3407976936432626,0.7286149859428406,0.001267743827678025,-0.003875328090216845,0.028958653830264025,0.08670895457064992,-0.02791148637881391,0.0,0.0015966755717771175,0.0015400042253346236,-0.013059165756112434,-0.040256036730766415,0.0199845490118169,0.0,0.0,0.0,0.0,0.0,0.0,0.0,0.0,0.0,0.0,0.0,0.0,0.0,-0.001267743827678025,0.003875328090216845,-0.028958653830264025,-0.08670895457064992,0.02791148637881391,0.0,-0.0015966755717771175,-0.0015400042253346236,0.013059165756112434,0.040256036730766415,-0.0199845490118169,0.0,0,1,1,0,0,1,1,0
6.020,2.4844274173438716,0.8489431938599097,-0.44566533619068094,-0.42585039066512964,1.0348289822843244,0.0,0.6613704493992817,3.136434037167665,0.9663415512005409,0.15637167795728235,2.2566657673939043,0.0,2.7774855257994036,0.6406093297118769,-1.8243865714539536,1.282316522072496,0.2557094426920244,1.0896085500717163,0.3697413013323941,2.2940764602826773,1.6318420543102652,-1.3064044952770812,3.3407976936432626,0.7286149859428406,0.001283002714270065,-0.003951513276167162,0.02953201866361993,0.08844299758342389,-0.02844951658027206,0.0,0.001628487562819081,0.0015691447831054361,-0.013320003027660898,-0.041059297410254214,0.020382366046694855,0.0,0.0,0.0,0.0,0.0,0.0,0.0,0.0,0.0,0.0,0.0,0.0,0.0,-0.001283002714270065,0.003951513276167162,-0.02953201866361993,-0.08844299758342389,0.02844951658027206,0.0,-0.001628487562819081,-0.0015691447831054361,0.013320003027660898,0.041059297410254214,-0.020382366046694855,0.0,0,1,1,0,0,1,1,0
6.120,2.484438531410009,0.8488863046446604,-0.4452369453555577,-0.42455422861647496,1.0344273569421867,0.0,0.6613942583918703,3.1364557919286713,0.9661466061952199,0.1557713205433742,2.256963071974874,0.0,2.7774855257994036,0.6406093297118769,-1.8243865714539536,1.282316522072496,0.2557094426920244,1.0896085500717163,0.3697413013323941,2.2940764602826773,1.6318420543102652,-1.3064044952770812,3.3407976936432626,0.7286149859428406,0.0012941167804072506,-0.00400840249141643,0.02996040949874318,0.08973915963207857,-0.028851141922409784,0.0,0.0016522965554076618,0.0015908995441118456,-0.013514948032981922,-0.04165965482416237,0.020679670627664404,0.0,0.0,0.0,0.0,0.0,0.0,0.0,0.0,0.0,0.0,0.0,0.0,0.0,-0.0012941167804072506,0.00400840249141643,-0.02996040949874318,-0.08973915963207857,0.028851141922409784,0.0,-0.0016522965554076618,-0.0015908995441118456,0.013514948032981922,0.04165965482416237,-0.020679670627664404,0.0,0,1,1,0,0,1,1,0
6.220,2.484445777263821,0.8488485347395175,-0.44495240915352313,-0.42369304935352753,1.034160770865911,0.0,0.6614100919970498,3.136470233290316,0.9660170957634128,0.15537246934951032,2.2571605767440466,0.0,2.7774855257994036,0.6406093297118769,-1.8243865714539536,1.282316522072496,0.2557094426920244,1.0896085500717163,0.3697413013323941,2.2940764602826773,1.6318420543102652,-1.3064044952770812,3.3407976936432626,0.7286149859428406,0.0013013626342193163,-0.0040461723965593555,0.030244945700777737,0.090600338895026,-0.029117727998685394,0.0,0.0016681301605872,0.0016053409057565915,-0.013644458464789011,-0.04205850601802624,0.02087717539683709,0.0,0.0,0.0,0.0,0.0,0.0,0.0,0.0,0.0,0.0,0.0,0.0,0.0,-0.0013013626342193163,0.0040461723965593555,-0.030244945700777737,-0.090600338895026,0.029117727998685394,0.0,-0.0016681301605872,-0.0016053409057565915,0.013644458464789011,0.04205850601802624,-0.02087717539683709,0.0,0,1,1,0,0,1,1,0
6.320,2.484456394171684,0.8487921575314389,-0.44452751658392864,-0.42240665880270567,1.0337629394853194,0.0,0.6614337660671339,3.136491786583745,0.9658236578415511,0.15477672950485588,2.257455560691599,0.0,2.7774855257994036,0.6406093297118769,-1.8243865714539536,1.282316522072496,0.2557094426920244,1.0896085500717163,0.3697413013323941,2.2940764602826773,1.6318420543102652,-1.3064044952770812,3.3407976936432626,0.7286149859428406,0.0013119795420823976,-0.004102549604637962,0.03066983827037223,0.09188672944584786,-0.02951555937927708,0.0,0.0016918042306712788,0.0016268941991857133,-0.013837896386650672,-0.042654245862680684,0.02117215934438965,0.0,0.0,0.0,0.0,0.0,0.0,0.0,0.0,0.0,0.0,0.0,0.0,0.0,-0.0013119795420823976,0.004102549604637962,-0.03066983827037223,-0.09188672944584786,0.02951555937927708,0.0,-0.0016918042306712788,-0.0016268941991857133,0.013837896386650672,0.042654245862680684,-0.02117215934438965,0.0,0,1,1,0,0,1,1,0
6.420,2.4844667120027637,0.8487361112387625,-0.44410490062439795,-0.42112667191975356,1.0333675443802919,0.0,0.6614573497861987,3.136513210857139,0.9656312057937866,0.1541840105624674,2.257749028671698,0.0,2.7774855257994036,0.6406093297118769,-1.8243865714539536,1.282316522072496,0.2557094426920244,1.0896085500717163,0.3697413013323941,2.2940764602826773,1.6318420543102652,-1.3064044952770812,3.3407976936432626,0.7286149859428406,0.0013222973731621401,-0.004158595897314377,0.03109245422990292,0.09316671632879997,-0.029910954484304586,0.0,0.0017153879497361357,0.001648318472579735,-0.014030348434415196,-0.04324696480506918,0.021465627324488423,0.0,0.0,0.0,0.0,0.0,0.0,0.0,0.0,0.0,0.0,0.0,0.0,0.0,-0.0013222973731621401,0.004158595897314377,-0.03109245422990292,-0.09316671632879997,0.029910954484304586,0.0,-0.0017153879497361357,-0.001648318472579735,0.014030348434415196,0.04324696480506918,-0.021465627324488423,0.0,0,1,1,0,0,1,1,0
6.520,2.4844800230050867,0.8486618178294885,-0.44354435112889684,-0.41942816104565456,1.0328435687807251,0.0,0.6614886884660713,3.1365416074856736,0.9653758629532305,0.1533975736356601,2.258138379570537,0.0,2.7774855257994036,0.6406093297118769,-1.8243865714539536,1.282316522072496,0.2557094426920244,1.0896085500717163,0.3697413013323941,2.2940764602826773,1.6318420543102652,-1.3064044952770812,3.3407976936432626,0.7286149859428406,0.0013356083754851866,-0.004232889306588383,0.03165300372540403,0.09486522720289897,-0.030434930083871325,0.0,0.0017467266296087303,0.0016767151011141124,-0.014285691274971257,-0.044033401731876476,0.021854978223327493,0.0,0.0,0.0,0.0,0.0,0.0,0.0,0.0,0.0,0.0,0.0,0.0,0.0,-0.0013356083754851866,0.004232889306588383,-0.03165300372540403,-0.09486522720289897,0.030434930083871325,0.0,-0.0017467266296087303,-0.0016767151011141124,0.014285691274971257,0.044033401731876476,-0.021854978223327493,0.0,0,1,1,0,0,1,1,0
6.620,2.4844864914621656,0.8486248421433645,-0.44326521874033603,-0.41858203957710954,1.0325828481778454,0.0,0.6615043190671376,3.1365557396465182,0.9652486784639173,0.15300584352384045,2.2583323049376225,0.0,2.7774855257994036,0.6406093297118769,-1.8243865714539536,1.282316522072496,0.2557094426920244,1.0896085500717163,0.3697413013323941,2.2940764602826773,1.6318420543102652,-1.3064044952770812,3.3407976936432626,0.7286149859428406,0.001342076832564043,-0.004269864992712313,0.03193213611396484,0.09571134867144399,-0.030695650686751064,0.0,0.0017623572306749713,0.0016908472619587833,-0.014412875764284516,-0.04442513184369612,0.022048903590413005,0.0,0.0,0.0,0.0,0.0,0.0,0.0,0.0,0.0,0.0,0.0,0.0,0.0,-0.001342076832564043,0.004269864992712313,-0.03193213611396484,-0.09571134867144399,0.030695650686751064,0.0,-0.0017623572306749713,-0.0016908472619587833,0.014412875764284516,0.04442513184369612,-0.022048903590413005,0.0,0,1,1,0,0,1,1,0
6.720,2.4844959600676733,0.8485696053902059,-0.4428480456480881,-0.41731707181791255,1.0321934388905618,0.0,0.6615277113509691,3.13657685073026,0.9650585552193394,0.15242024629692139,2.2586221875182604,0.0,2.7774855257994036,0.6406093297118769,-1.8243865714539536,1.282316522072496,0.2557094426920244,1.0896085500717163,0.3697413013323941,2.2940764602826773,1.6318420543102652,-1.3064044952770812,3.3407976936432626,0.7286149859428406,0.0013515454380716996,-0.004325101745870974,0.03234930920621276,0.09697631643064097,-0.031085059974034657,0.0,0.001785749514506496,0.0017119583457003706,-0.014602999008862416,-0.04501072907061518,0.022338786171050895,0.0,0.0,0.0,0.0,0.0,0.0,0.0,0.0,0.0,0.0,0.0,0.0,0.0,-0.0013515454380716996,0.004325101745870974,-0.03234930920621276,-0.09697631643064097,0.031085059974034657,0.0,-0.001785749514506496,-0.0017119583457003706,0.014602999008862416,0.04501072907061518,-0.022338786171050895,0.0,0,1,1,0,0,1,1,0
6.820,2.484505158184458,0.8485145878769728,-0.44243230235507164,-0.4160559458610865,1.031805658753814,0.0,0.6615510621562128,3.136597877955223,0.9648690337377069,0.1518364840811917,2.2589111421397297,0.0,2.7774855257994036,0.6406093297118769,-1.8243865714539536,1.282316522072496,0.2557094426920244,1.0896085500717163,0.3697413013323941,2.2940764602826773,1.6318420543102652,-1.3064044952770812,3.3407976936432626,0.7286149859428406,0.0013607435548563807,-0.004380119259104087,0.03276505249922923,0.09823744238746701,-0.03147284011078244,0.0,0.0018091003197502342,0.0017329855706633701,-0.014792520490494843,-0.04559449128634485,0.022627740792520168,0.0,0.0,0.0,0.0,0.0,0.0,0.0,0.0,0.0,0.0,0.0,0.0,0.0,-0.0013607435548563807,0.004380119259104087,-0.03276505249922923,-0.09823744238746701,0.03147284011078244,0.0,-0.0018091003197502342,-0.0017329855706633701,0.014792520490494843,0.04559449128634485,-0.022627740792520168,0.0,0,1,1,0,0,1,1,0
6.920,2.4845169799212137,0.8484417256479233,-0.4418813602932667,-0.4143839365144932,1.031292226237185,0.0,0.6615820674729245,3.136625726142401,0.9646178032167213,0.15106261638127047,2.2592941663021913,0.0,2.7774855257994036,0.6406093297118769,-1.8243865714539536,1.282316522072496,0.2557094426920244,1.0896085500717163,0.3697413013323941,2.2940764602826773,1.6318420543102652,-1.3064044952770812,3.3407976936432626,0.7286149859428406,0.0013725652916121156,-0.00445298148815354,0.03331599456103418,0.09990945173406035,-0.03198627262741138,0.0,0.001840105636461864,0.001760833757841418,-0.015043751011480477,-0.046368358986266095,0.023010764954981777,0.0,0.0,0.0,0.0,0.0,0.0,0.0,0.0,0.0,0.0,0.0,0.0,0.0,-0.0013725652916121156,0.00445298148815354,-0.03331599456103418,-0.09990945173406035,0.03198627262741138,0.0,-0.001840105636461864,-0.001760833757841418,0.015043751011480477,0.046368358986266095,-0.023010764954981777,0.0,0,1,1,0,0,1,1,0
7.020,2.4845255034515414,0.848387543942522,-0.44147140284447206,-0.4131392150700072,1.03091051471127,0.0,0.6616051846496446,3.13664643591231,0.9644308045765931,0.15048657952914277,2.259579252152348,0.0,2.7774855257994036,0.6406093297118769,-1.8243865714539536,1.282316522072496,0.2557094426920244,1.0896085500717163,0.3697413013323941,2.2940764602826773,1.6318420543102652,-1.3064044952770812,3.3407976936432626,0.7286149859428406,0.0013810888219398798,-0.0045071631935548195,0.03372595200982881,0.1011541731785463,-0.03236798415332642,0.0,0.001863222813181964,0.0017815435277506175,-0.015230749651608644,-0.0469443958383938,0.023295850805138407,0.0,0.0,0.0,0.0,0.0,0.0,0.0,0.0,0.0,0.0,0.0,0.0,0.0,-0.0013810888219398798,0.0045071631935548195,-0.03372595200982881,-0.1011541731785463,0.03236798415332642,0.0,-0.001863222813181964,-0.0017815435277506175,0.015230749651608644,0.0469443958383938,-0.023295850805138407,0.0,0,1,1,0,0,1,1,0
7.120,2.4845310689437476,0.8483513543275727,-0.4411974508901149,-0.41230716017953495,1.030655597224632,0.0,0.661620654895075,3.136660269533435,0.9643058162926782,0.15010154995364464,2.2597697961266516,0.0,2.7774855257994036,0.6406093297118769,-1.8243865714539536,1.282316522072496,0.2557094426920244,1.0896085500717163,0.3697413013323941,2.2940764602826773,1.6318420543102652,-1.3064044952770812,3.3407976936432626,0.7286149859428406,0.0013866543141460852,-0.004543352808504153,0.03399990396418595,0.10198622806901858,-0.0326229016399644,0.0,0.001878693058612435,0.0017953771488756765,-0.015355737935523583,-0.04732942541389193,0.023486394779442143,0.0,0.0,0.0,0.0,0.0,0.0,0.0,0.0,0.0,0.0,0.0,0.0,0.0,-0.0013866543141460852,0.004543352808504153,-0.03399990396418595,-0.10198622806901858,0.0326229016399644,0.0,-0.001878693058612435,-0.0017953771488756765,0.015355737935523583,0.04732942541389193,-0.023486394779442143,0.0,0,1,1,0,0,1,1,0
7.220,2.4845391522752025,0.848297558415959,-0.44079002735752476,-0.4110693084851859,1.0302767179140275,0.0,0.661643695970049,3.1366808349969473,0.9641198919250157,0.14952878759981475,2.2600532297632263,0.0,2.7774855257994036,0.6406093297118769,-1.8243865714539536,1.282316522072496,0.2557094426920244,1.0896085500717163,0.3697413013323941,2.2940764602826773,1.6318420543102652,-1.3064044952770812,3.3407976936432626,0.7286149859428406,0.0013947376456009408,-0.00459714872011785,0.03440732749677611,0.10322407976336762,-0.03300178095056894,0.0,0.001901734133586408,0.001815942612387822,-0.015541662303186099,-0.047902187767721816,0.023769828416016825,0.0,0.0,0.0,0.0,0.0,0.0,0.0,0.0,0.0,0.0,0.0,0.0,0.0,-0.0013947376456009408,0.00459714872011785,-0.03440732749677611,-0.10322407976336762,0.03300178095056894,0.0,-0.001901734133586408,-0.001815942612387822,0.015541662303186099,0.047902187767721816,-0.023769828416016825,0.0,0,1,1,0,0,1,1,0
7.320,2.484546977952138,0.8482439687762624,-0.4403839325051189,-0.40983499755517855,1.0298993551162325,0.0,0.6616667025335552,3.1367013241577726,0.9639345251090362,0.14895772116955555,2.260335805335838,0.0,2.7774855257994036,0.6406093297118769,-1.8243865714539536,1.282316522072496,0.2557094426920244,1.0896085500717163,0.3697413013323941,2.2940764602826773,1.6318420543102652,-1.3064044952770812,3.3407976936432626,0.7286149859428406,0.0014025633225362988,-0.004650738359814444,0.034813422349181944,0.10445839069337498,-0.033379143748363926,0.0,0.0019247406970925862,0.0018364317732131319,-0.01572702911916557,-0.048473254197981014,0.024052403988628512,0.0,0.0,0.0,0.0,0.0,0.0,0.0,0.0,0.0,0.0,0.0,0.0,0.0,-0.0014025633225362988,0.004650738359814444,-0.034813422349181944,-0.10445839069337498,0.033379143748363926,0.0,-0.0019247406970925862,-0.0018364317732131319,0.01572702911916557,0.048473254197981014,-0.024052403988628512,0.0,0,1,1,0,0,1,1,0
7.420,2.4845545376657934,0.8481906557685092,-0.4399796989795867,-0.4086058472383776,1.0295240004614439,0.0,0.6616896446208952,3.1367217105772975,0.9637499593041398,0.14838910017965354,2.2606171521563136,0.0,2.7774855257994036,0.6406093297118769,-1.8243865714539536,1.282316522072496,0.2557094426920244,1.0896085500717163,0.3697413013323941,2.2940764602826773,1.6318420543102652,-1.3064044952770812,3.3407976936432626,0.7286149859428406,0.0014101230361918127,-0.004704051367567685,0.03521765587471415,0.10568754101017591,-0.03375449840315259,0.0,0.0019476827844325806,0.0018568181927380856,-0.015911594924062022,-0.04904187518788303,0.02433375080910416,0.0,0.0,0.0,0.0,0.0,0.0,0.0,0.0,0.0,0.0,0.0,0.0,0.0,-0.0014101230361918127,0.004704051367567685,-0.03521765587471415,-0.10568754101017591,0.03375449840315259,0.0,-0.0019476827844325806,-0.0018568181927380856,0.015911594924062022,0.04904187518788303,-0.02433375080910416,0.0,0,1,1,0,0,1,1,0
7.520,2.4845618336026436,0.8481376206834538,-0.4395773365378408,-0.40738188901695466,1.0291506592197222,0.0,0.6617125217933197,3.136741994200837,0.9635661993744545,0.14782293916250167,2.2608972632537285,0.0,2.7774855257994036,0.6406093297118769,-1.8243865714539536,1.282316522072496,0.2557094426920244,1.0896085500717163,0.3697413013323941,2.2940764602826773,1.6318420543102652,-1.3064044952770812,3.3407976936432626,0.7286149859428406,0.0014174189730420395,-0.004757086452623072,0.035620018316460056,0.10691149923159887,-0.034127839644874314,0.0,0.001970559956857132,0.0018771018162775377,-0.016095354853747246,-0.0496080362050349,0.02461386190651904,0.0,0.0,0.0,0.0,0.0,0.0,0.0,0.0,0.0,0.0,0.0,0.0,0.0,-0.0014174189730420395,0.004757086452623072,-0.035620018316460056,-0.10691149923159887,0.034127839644874314,0.0,-0.001970559956857132,-0.0018771018162775377,0.016095354853747246,0.0496080362050349,-0.02461386190651904,0.0,0,1,1,0,0,1,1,0
7.620,2.484568860813031,0.8480849189627463,-0.43917726617950753,-0.4061644060834283,1.0287797178986933,0.0,0.6617353101489262,3.1367621542396984,0.9633834380633485,0.1472598315607183,2.2611758452618798,0.0,2.7774855257994036,0.6406093297118769,-1.8243865714539536,1.282316522072496,0.2557094426920244,1.0896085500717163,0.3697413013323941,2.2940764602826773,1.6318420543102652,-1.3064044952770812,3.3407976936432626,0.7286149859428406,0.0014244461834294064,-0.004809788173330554,0.03602008867479334,0.10812898216512523,-0.0344987809659032,0.0,0.001993348312463561,0.001897261855138943,-0.016278116164853307,-0.05017114380681825,0.02489244391467027,0.0,0.0,0.0,0.0,0.0,0.0,0.0,0.0,0.0,0.0,0.0,0.0,0.0,-0.0014244461834294064,0.004809788173330554,-0.03602008867479334,-0.10812898216512523,0.0344987809659032,0.0,-0.001993348312463561,-0.001897261855138943,0.016278116164853307,0.05017114380681825,-0.02489244391467027,0.0,0,1,1,0,0,1,1,0
7.720,2.484575638983873,0.8480324208339706,-0.4387785029191513,-0.40495040288177636,1.028410259505457,0.0,0.6617580658613488,3.1367822407386527,0.963201225810891,0.14669839182871003,2.2614535838572705,0.0,2.7774855257994036,0.6406093297118769,-1.8243865714539536,1.282316522072496,0.2557094426920244,1.0896085500717163,0.3697413013323941,2.2940764602826773,1.6318420543102652,-1.3064044952770812,3.3407976936432626,0.7286149859428406,0.0014312243542713432,-0.004862286302106278,0.03641885193514954,0.10934298536677717,-0.03486823935913952,0.0,0.0020161040248861672,0.0019173483540932956,-0.01646032841731082,-0.05073258353882654,0.02517018251006098,0.0,0.0,0.0,0.0,0.0,0.0,0.0,0.0,0.0,0.0,0.0,0.0,0.0,-0.0014312243542713432,0.004862286302106278,-0.03641885193514954,-0.10934298536677717,0.03486823935913952,0.0,-0.0020161040248861672,-0.0019173483540932956,0.01646032841731082,0.05073258353882654,-0.02517018251006098,0.0,0,1,1,0,0,1,1,0
7.820,2.4845842798394133,0.8479628383136234,-0.4382495979950265,-0.40333941823523783,1.0279206409463695,0.0,0.6617883136690104,3.1368088714153837,0.9629594717177952,0.14595345145010769,2.261822070167823,0.0,2.7774855257994036,0.6406093297118769,-1.8243865714539536,1.282316522072496,0.2557094426920244,1.0896085500717163,0.3697413013323941,2.2940764602826773,1.6318420543102652,-1.3064044952770812,3.3407976936432626,0.7286149859428406,0.0014398652098117637,-0.004931868822453445,0.03694775685927437,0.1109539700133157,-0.03535785791822699,0.0,0.0020463518325477548,0.0019439790308242166,-0.016702082510406613,-0.05147752391742888,0.02553866882061362,0.0,0.0,0.0,0.0,0.0,0.0,0.0,0.0,0.0,0.0,0.0,0.0,0.0,-0.0014398652098117637,0.004931868822453445,-0.03694775685927437,-0.1109539700133157,0.03535785791822699,0.0,-0.0020463518325477548,-0.0019439790308242166,0.016702082510406613,0.05147752391742888,-0.02553866882061362,0.0,0,1,1,0,0,1,1,0
7.920,2.484590454502343,0.8479110591847685,-0.4378557384483863,-0.4021391855531659,1.0275563462449362,0.0,0.6618108875991973,3.136828694454431,0.962779389208552,0.14539851672117937,2.2620965488370395,0.0,2.7774855257994036,0.6406093297118769,-1.8243865714539536,1.282316522072496,0.2557094426920244,1.0896085500717163,0.3697413013323941,2.2940764602826773,1.6318420543102652,-1.3064044952770812,3.3407976936432626,0.7286149859428406,0.0014460398727416113,-0.004983647951308345,0.037341616405914546,0.11215420269538762,-0.035722152619660275,0.0,0.0020689257627346525,0.0019638020698713454,-0.016882165019649786,-0.052032458646357194,0.02581314748982999,0.0,0.0,0.0,0.0,0.0,0.0,0.0,0.0,0.0,0.0,0.0,0.0,0.0,-0.0014460398727416113,0.004983647951308345,-0.037341616405914546,-0.11215420269538762,0.035722152619660275,0.0,-0.0020689257627346525,-0.0019638020698713454,0.016882165019649786,0.052032458646357194,-0.02581314748982999,0.0,0,1,1,0,0,1,1,0
8.020,2.4845944492559813,0.8478765411836525,-0.4375930415664644,-0.4013383748384403,1.0273135153305113,0.0,0.6618259676874009,3.136841912396123,0.962659251099137,0.14502829002848247,2.2622796583125924,0.0,2.7774855257994036,0.6406093297118769,-1.8243865714539536,1.282316522072496,0.2557094426920244,1.0896085500717163,0.3697413013323941,2.2940764602826773,1.6318420543102652,-1.3064044952770812,3.3407976936432626,0.7286149859428406,0.0014500346263797148,-0.005018165952424325,0.03760431328783648,0.11295501341011321,-0.03596498353408517,0.0,0.002084005850938264,0.001977020011563635,-0.01700230312906481,-0.052402685339054095,0.02599625696538288,0.0,0.0,0.0,0.0,0.0,0.0,0.0,0.0,0.0,0.0,0.0,0.0,0.0,-0.0014500346263797148,0.005018165952424325,-0.03760431328783648,-0.11295501341011321,0.03596498353408517,0.0,-0.002084005850938264,-0.001977020011563635,0.01700230312906481,0.052402685339054095,-0.02599625696538288,0.0,0,1,1,0,0,1,1,0
8.120,2.4846002216436682,0.8478250969883181,-0.4372013266319311,-0.40014384564902145,1.0269516413725237,0.0,0.6618484897065158,3.136861616822365,0.9624800701248164,0.1444760908966374,2.2625527542518284,0.0,2.7774855257994036,0.6406093297118769,-1.8243865714539536,1.282316522072496,0.2557094426920244,1.0896085500717163,0.3697413013323941,2.2940764602826773,1.6318420543102652,-1.3064044952770812,3.3407976936432626,0.7286149859428406,0.001455807014066668,-0.005069610147758752,0.03799602822236975,0.11414954259953208,-0.03632685749207276,0.0,0.0021065278700531653,0.0019967244378054083,-0.01718148410338538,-0.05295488447089916,0.02626935290461896,0.0,0.0,0.0,0.0,0.0,0.0,0.0,0.0,0.0,0.0,0.0,0.0,0.0,-0.001455807014066668,0.005069610147758752,-0.03799602822236975,-0.11414954259953208,0.03632685749207276,0.0,-0.0021065278700531653,-0.0019967244378054083,0.01718148410338538,0.05295488447089916,-0.02626935290461896,0.0,0,1,1,0,0,1,1,0
8.220,2.4846057475704604,0.8477739217261799,-0.43681141598041495,-0.39895431807392784,1.026591693984743,0.0,0.661870950912004,3.1368812244976403,0.9623016671781025,0.14392626336375472,2.262824659627859,0.0,2.7774855257994036,0.6406093297118769,-1.8243865714539536,1.282316522072496,0.2557094426920244,1.0896085500717163,0.3697413013323941,2.2940764602826773,1.6318420543102652,-1.3064044952770812,3.3407976936432626,0.7286149859428406,0.0014613329408588172,-0.005120785409896911,0.038385938873885916,0.11533907017462569,-0.03668680487985343,0.0,0.0021289890755413765,0.002016332113080832,-0.017359887050099276,-0.053504712003781846,0.026541258280649682,0.0,0.0,0.0,0.0,0.0,0.0,0.0,0.0,0.0,0.0,0.0,0.0,0.0,-0.0014613329408588172,0.005120785409896911,-0.038385938873885916,-0.11533907017462569,0.03668680487985343,0.0,-0.0021289890755413765,-0.002016332113080832,0.017359887050099276,0.053504712003781846,-0.026541258280649682,0.0,0,1,1,0,0,1,1,0
8.320,2.484611021304593,0.8477230961565896,-0.43642392619260334,-0.3977716767497125,1.0262342381255392,0.0,0.6618933156135951,3.136900704769025,0.9621243248950535,0.1433796782994078,2.263094944024754,0.0,2.7774855257994036,0.6406093297118769,-1.8243865714539536,1.282316522072496,0.2557094426920244,1.0896085500717163,0.3697413013323941,2.2940764602826773,1.6318420543102652,-1.3064044952770812,3.3407976936432626,0.7286149859428406,0.001466606674991322,-0.005171610979487262,0.03877342866169753,0.11652171149884105,-0.03704426073905731,0.0,0.002151353777132492,0.0020358123844657072,-0.017537229333148274,-0.05405129706812878,0.026811542677544598,0.0,0.0,0.0,0.0,0.0,0.0,0.0,0.0,0.0,0.0,0.0,0.0,0.0,-0.001466606674991322,0.005171610979487262,-0.03877342866169753,-0.11652171149884105,0.03704426073905731,0.0,-0.002151353777132492,-0.0020358123844657072,0.017537229333148274,0.05405129706812878,-0.026811542677544598,0.0,0,1,1,0,0,1,1,0
8.420,2.484617679861743,0.8476557323734966,-0.4359099708604117,-0.3962022789041969,1.0257605140906976,0.0,0.661923046514671,3.136926534550309,0.9618890304006402,0.14265443750963713,2.263453546082885,0.0,2.7774855257994036,0.6406093297118769,-1.8243865714539536,1.282316522072496,0.2557094426920244,1.0896085500717163,0.3697413013323941,2.2940764602826773,1.6318420543102652,-1.3064044952770812,3.3407976936432626,0.7286149859428406,0.0014732652321414186,-0.005238974762580284,0.03928738399388915,0.11809110934435663,-0.037517984773898894,0.0,0.0021810846782084337,0.0020616421657493333,-0.01777252382756156,-0.05477653785789943,0.02717014473567536,0.0,0.0,0.0,0.0,0.0,0.0,0.0,0.0,0.0,0.0,0.0,0.0,0.0,-0.0014732652321414186,0.005238974762580284,-0.03928738399388915,-0.11809110934435663,0.037517984773898894,0.0,-0.0021810846782084337,-0.0020616421657493333,0.01777252382756156,0.05477653785789943,-0.02717014473567536,0.0,0,1,1,0,0,1,1,0
8.520,2.484620858933555,0.8476221365721011,-0.43565348626785827,-0.3954187515213573,1.025524275077846,0.0,0.6619379123500463,3.1369394212860655,0.9617715776810315,0.14229239851076006,2.263632548115153,0.0,2.7774855257994036,0.6406093297118769,-1.8243865714539536,1.282316522072496,0.2557094426920244,1.0896085500717163,0.3697413013323941,2.2940764602826773,1.6318420543102652,-1.3064044952770812,3.3407976936432626,0.7286149859428406,0.0014764443039534392,-0.005272570563975787,0.0395438685864426,0.11887463672719623,-0.03775422378675053,0.0,0.0021959505135836777,0.0020745289015060564,-0.017889976547170283,-0.055138576856776506,0.027349146767943644,0.0,0.0,0.0,0.0,0.0,0.0,0.0,0.0,0.0,0.0,0.0,0.0,0.0,-0.0014764443039534392,0.005272570563975787,-0.0395438685864426,-0.11887463672719623,0.03775422378675053,0.0,-0.0021959505135836777,-0.0020745289015060564,0.017889976547170283,0.055138576856776506,-0.027349146767943644,0.0,0,1,1,0,0,1,1,0
8.620,2.4846268904513282,0.8475554271331668,-0.43514387046851793,-0.39386127394130344,1.0250552188643425,0.0,0.6619675075121938,3.1369650199486223,0.9615381458116448,0.14157282587180617,2.2639883017916733,0.0,2.7774855257994036,0.6406093297118769,-1.8243865714539536,1.282316522072496,0.2557094426920244,1.0896085500717163,0.3697413013323941,2.2940764602826773,1.6318420543102652,-1.3064044952770812,3.3407976936432626,0.7286149859428406,0.0014824758217266698,-0.005339280002910063,0.040053484385782934,0.1204321143072501,-0.03822328000025399,0.0,0.0022255456757311887,0.002100127564062859,-0.01812340841655702,-0.0558581494957304,0.02770490044446383,0.0,0.0,0.0,0.0,0.0,0.0,0.0,0.0,0.0,0.0,0.0,0.0,0.0,-0.0014824758217266698,0.005339280002910063,-0.040053484385782934,-0.1204321143072501,0.03822328000025399,0.0,-0.0022255456757311887,-0.002100127564062859,0.01812340841655702,0.0558581494957304,-0.02770490044446383,0.0,0,1,1,0,0,1,1,0
8.720,2.484631143047199,0.8475056897773026,-0.43476362288961096,-0.3926985853938459,1.0247055235305973,0.0,0.6619896405250885,3.1369841150609274,0.9613639175479454,0.14103572057069308,2.264253824567895,0.0,2.7774855257994036,0.6406093297118769,-1.8243865714539536,1.282316522072496,0.2557094426920244,1.0896085500717163,0.3697413013323941,2.2940764602826773,1.6318420543102652,-1.3064044952770812,3.3407976936432626,0.7286149859428406,0.0014867284175972273,-0.005389017358774284,0.04043373196468991,0.12159480285470764,-0.03857297533399917,0.0,0.0022476786886258537,0.0021192226763679933,-0.018297636680256413,-0.056395254796843486,0.027970423220685436,0.0,0.0,0.0,0.0,0.0,0.0,0.0,0.0,0.0,0.0,0.0,0.0,0.0,-0.0014867284175972273,0.005389017358774284,-0.04043373196468991,-0.12159480285470764,0.03857297533399917,0.0,-0.0022476786886258537,-0.0021192226763679933,0.018297636680256413,0.056395254796843486,-0.027970423220685436,0.0,0,1,1,0,0,1,1,0
8.820,2.4846351726134923,0.8474561191253265,-0.4343844023167913,-0.39153853540836925,1.024357018679751,0.0,0.6620117574452812,3.1370031544049963,0.9611901135080436,0.14049989471123536,2.264518697933738,0.0,2.7774855257994036,0.6406093297118769,-1.8243865714539536,1.282316522072496,0.2557094426920244,1.0896085500717163,0.3697413013323941,2.2940764602826773,1.6318420543102652,-1.3064044952770812,3.3407976936432626,0.7286149859428406,0.0014907579838907559,-0.005438588010750367,0.04081295253750955,0.12275485284018428,-0.038921480184845425,0.0,0.00226979560881857,0.0021382620204368763,-0.01847144072015816,-0.0569310806563012,0.02823529658652868,0.0,0.0,0.0,0.0,0.0,0.0,0.0,0.0,0.0,0.0,0.0,0.0,0.0,-0.0014907579838907559,0.005438588010750367,-0.04081295253750955,-0.12275485284018428,0.038921480184845425,0.0,-0.00226979560881857,-0.0021382620204368763,0.01847144072015816,0.0569310806563012,-0.02823529658652868,0.0,0,1,1,0,0,1,1,0
8.920,2.484637730549897,0.8474232311202448,-0.4341326678728023,-0.3907681912684583,1.024125809717374,0.0,0.6620264634385616,3.137015790907338,0.9610747130998593,0.14014410731308588,2.264694564024168,0.0,2.7774855257994036,0.6406093297118769,-1.8243865714539536,1.282316522072496,0.2557094426920244,1.0896085500717163,0.3697413013323941,2.2940764602826773,1.6318420543102652,-1.3064044952770812,3.3407976936432626,0.7286149859428406,0.001493315920295224,-0.0054714760158320885,0.041064686981498566,0.12352519698009523,-0.039152689147222475,0.0,0.0022845016020990316,0.0021508985227787214,-0.018586841128342524,-0.057286868054450685,0.028411162676958313,0.0,0.0,0.0,0.0,0.0,0.0,0.0,0.0,0.0,0.0,0.0,0.0,0.0,-0.001493315920295224,0.0054714760158320885,-0.041064686981498566,-0.12352519698009523,0.039152689147222475,0.0,-0.0022845016020990316,-0.0021508985227787214,0.018586841128342524,0.057286868054450685,-0.028411162676958313,0.0,0,1,1,0,0,1,1,0
9.020,2.4846413770596047,0.8473741331649443,-0.43375665088968374,-0.3896171063132337,1.0237806536293466,0.0,0.662048466344851,3.1370346629880452,0.9609023005391858,0.13961252348623188,2.264957312560214,0.0,2.7774855257994036,0.6406093297118769,-1.8243865714539536,1.282316522072496,0.2557094426920244,1.0896085500717163,0.3697413013323941,2.2940764602826773,1.6318420543102652,-1.3064044952770812,3.3407976936432626,0.7286149859428406,0.0014969624300031903,-0.005520573971132592,0.04144070396461713,0.12467628193531982,-0.03949784523524991,0.0,0.0023065045083884295,0.0021697706034857767,-0.018759253689015987,-0.05781845188130469,0.028673911213004555,0.0,0.0,0.0,0.0,0.0,0.0,0.0,0.0,0.0,0.0,0.0,0.0,0.0,-0.0014969624300031903,0.005520573971132592,-0.04144070396461713,-0.12467628193531982,0.03949784523524991,0.0,-0.0023065045083884295,-0.0021697706034857767,0.018759253689015987,0.05781845188130469,-0.028673911213004555,0.0,0,1,1,0,0,1,1,0
9.120,2.484644794894923,0.8473253530818258,-0.433382820430195,-0.38847221434913354,1.023437744470276,0.0,0.6620703850296971,3.1370534217988113,0.9607308447082528,0.13908386043973855,2.2652186008680664,0.0,2.7774855257994036,0.6406093297118769,-1.8243865714539536,1.282316522072496,0.2557094426920244,1.0896085500717163,0.3697413013323941,2.2940764602826773,1.6318420543102652,-1.3064044952770812,3.3407976936432626,0.7286149859428406,0.0015003802653215104,-0.0055693540542510744,0.041814534424105876,0.12582117389942,-0.03984075439432044,0.0,0.0023284231932344523,0.0021885294142518497,-0.01893070951994902,-0.05834711492779801,0.02893519952085688,0.0,0.0,0.0,0.0,0.0,0.0,0.0,0.0,0.0,0.0,0.0,0.0,0.0,-0.0015003802653215104,0.0055693540542510744,-0.041814534424105876,-0.12582117389942,0.03984075439432044,0.0,-0.0023284231932344523,-0.0021885294142518497,0.01893070951994902,0.05834711492779801,-0.02893519952085688,0.0,0,1,1,0,0,1,1,0
9.220,2.4846479931662433,0.847276796309722,-0.4330104530594281,-0.3873313026407799,1.023096415269824,0.0,0.6620922616974032,3.1370721038928133,0.960560014207795,0.13855709624605103,2.26547893422861,0.0,2.7774855257994036,0.6406093297118769,-1.8243865714539536,1.282316522072496,0.2557094426920244,1.0896085500717163,0.3697413013323941,2.2940764602826773,1.6318420543102652,-1.3064044952770812,3.3407976936432626,0.7286149859428406,0.0015035785366417365,-0.005617910826354877,0.04218690179487278,0.1269620856077736,-0.04018208359477238,0.0,0.0023502998609405967,0.00220721150825387,-0.01910154002040676,-0.058873879121485534,0.02919553288140042,0.0,0.0,0.0,0.0,0.0,0.0,0.0,0.0,0.0,0.0,0.0,0.0,0.0,-0.0015035785366417365,0.005617910826354877,-0.04218690179487278,-0.1269620856077736,0.04018208359477238,0.0,-0.0023502998609405967,-0.00220721150825387,0.01910154002040676,0.058873879121485534,-0.02919553288140042,0.0,0,1,1,0,0,1,1,0
9.320,2.484650966001283,0.8472285912001761,-0.4326405344853642,-0.3861973944873435,1.0227575661141175,0.0,0.6621140381901096,3.1370906600597763,0.9603902616727873,0.13803362655947404,2.2657376230986097,0.0,2.7774855257994036,0.6406093297118769,-1.8243865714539536,1.282316522072496,0.2557094426920244,1.0896085500717163,0.3697413013323941,2.2940764602826773,1.6318420543102652,-1.3064044952770812,3.3407976936432626,0.7286149859428406,0.0015065513716816525,-0.005666115935900717,0.042556820368936654,0.12809599376121,-0.040520932750478966,0.0,0.0023720763536470013,0.002225767675216872,-0.019271292555414488,-0.05939734880806252,0.029454221751400222,0.0,0.0,0.0,0.0,0.0,0.0,0.0,0.0,0.0,0.0,0.0,0.0,0.0,-0.0015065513716816525,0.005666115935900717,-0.042556820368936654,-0.12809599376121,0.040520932750478966,0.0,-0.0023720763536470013,-0.002225767675216872,0.019271292555414488,0.05939734880806252,-0.029454221751400222,0.0,0,1,1,0,0,1,1,0
9.420,2.4846537309257593,0.8471804882398082,-0.4322711509020073,-0.38506462560815097,1.0224194410186505,0.0,0.6621358270070968,3.1371091865310974,0.9602207091963415,0.13751074404070374,2.2659960055635926,0.0,2.7774855257994036,0.6406093297118769,-1.8243865714539536,1.282316522072496,0.2557094426920244,1.0896085500717163,0.3697413013323941,2.2940764602826773,1.6318420543102652,-1.3064044952770812,3.3407976936432626,0.7286149859428406,0.0015093162961576922,-0.0057142188962686635,0.04292620395229357,0.12922876264040256,-0.04085905784594601,0.0,0.002393865170634224,0.0022442941465379285,-0.019440845031860277,-0.05992023132683283,0.02971260421638311,0.0,0.0,0.0,0.0,0.0,0.0,0.0,0.0,0.0,0.0,0.0,0.0,0.0,-0.0015093162961576922,0.0057142188962686635,-0.04292620395229357,-0.12922876264040256,0.04085905784594601,0.0,-0.002393865170634224,-0.0022442941465379285,0.019440845031860277,0.05992023132683283,-0.02971260421638311,0.0,0,1,1,0,0,1,1,0
9.520,2.4846570801093324,0.8471168009911209,-0.431781707826635,-0.38356289823716166,1.0219717768686578,0.0,0.6621647659240263,3.137133730513841,0.9599959772113436,0.13681764689470066,2.2663384745386397,0.0,2.7774855257994036,0.6406093297118769,-1.8243865714539536,1.282316522072496,0.2557094426920244,1.0896085500717163,0.3697413013323941,2.2940764602826773,1.6318420543102652,-1.3064044952770812,3.3407976936432626,0.7286149859428406,0.0015126654797308348,-0.005777906144955991,0.04341564702766587,0.13073049001139186,-0.041306721995938656,0.0,0.002422804087563679,0.0022688381292814697,-0.019665577016858227,-0.0606133284728359,0.030055073191430193,0.0,0.0,0.0,0.0,0.0,0.0,0.0,0.0,0.0,0.0,0.0,0.0,0.0,-0.0015126654797308348,0.005777906144955991,-0.04341564702766587,-0.13073049001139186,0.041306721995938656,0.0,-0.002422804087563679,-0.0022688381292814697,0.019665577016858227,0.0606133284728359,-0.030055073191430193,0.0,0,1,1,0,0,1,1,0
9.620,2.484659346917293,0.8470692766173544,-0.43141618695225803,-0.3824408091631339,1.0216377251911932,0.0,0.6621864289562516,3.1371520573956704,0.9598280924488185,0.13629983727766684,2.2665943128114976,0.0,2.7774855257994036,0.6406093297118769,-1.8243865714539536,1.282316522072496,0.2557094426920244,1.0896085500717163,0.3697413013323941,2.2940764602826773,1.6318420543102652,-1.3064044952770812,3.3407976936432626,0.7286149859428406,0.001514932287691284,-0.005825430518722419,0.04378116790204284,0.13185257908541964,-0.04164077367340324,0.0,0.0024444671197889623,0.0022871650111109254,-0.019833461779383277,-0.061131138089869724,0.030310911464288104,0.0,0.0,0.0,0.0,0.0,0.0,0.0,0.0,0.0,0.0,0.0,0.0,0.0,-0.001514932287691284,0.005825430518722419,-0.04378116790204284,-0.13185257908541964,0.04164077367340324,0.0,-0.0024444671197889623,-0.0022871650111109254,0.019833461779383277,0.061131138089869724,-0.030310911464288104,0.0,0,1,1,0,0,1,1,0
9.720,2.4846614007131556,0.8470220741199834,-0.43105289229100624,-0.38132505409345924,1.0213059356333882,0.0,0.6622080038295854,3.137170270473599,0.9596611852117245,0.13578501222439388,2.266848660596737,0.0,2.7774855257994036,0.6406093297118769,-1.8243865714539536,1.282316522072496,0.2557094426920244,1.0896085500717163,0.3697413013323941,2.2940764602826773,1.6318420543102652,-1.3064044952770812,3.3407976936432626,0.7286149859428406,0.001516986083553995,-0.00587263301609342,0.04414446256329463,0.1329683341550943,-0.04197256323120824,0.0,0.002466041993122836,0.0023053780890394115,-0.020000369016477282,-0.06164596314314269,0.030565259249527355,0.0,0.0,0.0,0.0,0.0,0.0,0.0,0.0,0.0,0.0,0.0,0.0,0.0,-0.001516986083553995,0.00587263301609342,-0.04414446256329463,-0.1329683341550943,0.04197256323120824,0.0,-0.002466041993122836,-0.0023053780890394115,0.020000369016477282,0.06164596314314269,-0.030565259249527355,0.0,0,1,1,0,0,1,1,0
9.820,2.4846626605516273,0.8469905908608993,-0.430810441363484,-0.38058015610035584,1.021084636564136,0.0,0.6622224266709515,3.1371824241563173,0.9595497717044024,0.13544134035891328,2.2670184418262678,0.0,2.7774855257994036,0.6406093297118769,-1.8243865714539536,1.282316522072496,0.2557094426920244,1.0896085500717163,0.3697413013323941,2.2940764602826773,1.6318420543102652,-1.3064044952770812,3.3407976936432626,0.7286149859428406,0.0015182459220257627,-0.005904116275177507,0.04438691349081686,0.1337132321481977,-0.042193862300460516,0.0,0.002480464834488938,0.0023175317717578636,-0.020111782523799415,-0.061989635008623284,0.030735040479058284,0.0,0.0,0.0,0.0,0.0,0.0,0.0,0.0,0.0,0.0,0.0,0.0,0.0,-0.0015182459220257627,0.005904116275177507,-0.04438691349081686,-0.1337132321481977,0.042193862300460516,0.0,-0.002480464834488938,-0.0023175317717578636,0.020111782523799415,0.061989635008623284,-0.030735040479058284,0.0,0,1,1,0,0,1,1,0
9.920,2.484664367721771,0.8469438589650736,-0.43045035366684886,-0.379473418754101,1.0207561503093516,0.0,0.6622438838574037,3.1372004732431784,0.9593842633007517,0.13493077897808117,2.2672706569645182,0.0,2.7774855257994036,0.6406093297118769,-1.8243865714539536,1.282316522072496,0.2557094426920244,1.0896085500717163,0.3697413013323941,2.2940764602826773,1.6318420543102652,-1.3064044952770812,3.3407976936432626,0.7286149859428406,0.001519953092169235,-0.00595084817100322,0.04474700118745201,0.13481996949445252,-0.04252234855524484,0.0,0.0025019220209411275,0.0023355808586189575,-0.02027729092745012,-0.06250019638945539,0.03098725561730875,0.0,0.0,0.0,0.0,0.0,0.0,0.0,0.0,0.0,0.0,0.0,0.0,0.0,-0.001519953092169235,0.00595084817100322,-0.04474700118745201,-0.13481996949445252,0.04252234855524484,0.0,-0.0025019220209411275,-0.0023355808586189575,0.02027729092745012,0.06250019638945539,-0.03098725561730875,0.0,0,1,1,0,0,1,1,0
10.020,2.4846658732825277,0.8468973309401145,-0.4300915877587159,-0.37837024537398634,1.0204290920449497,0.0,0.662265305878932,3.1372184543870385,0.9592193178984232,0.13442192351883786,2.267522013808576,0.0,2.7774855257994036,0.6406093297118769,-1.8243865714539536,1.282316522072496,0.2557094426920244,1.0896085500717163,0.3697413013323941,2.2940764602826773,1.6318420543102652,-1.3064044952770812,3.3407976936432626,0.7286149859428406,0.0015214586529261886,-0.005997376195962301,0.04510576709558495,0.1359231428745672,-0.042849406819646774,0.0,0.0025233440424693443,0.0023535620024790482,-0.020442236329778596,-0.0630090518486987,0.03123861246136661,0.0,0.0,0.0,0.0,0.0,0.0,0.0,0.0,0.0,0.0,0.0,0.0,0.0,-0.0015214586529261886,0.005997376195962301,-0.04510576709558495,-0.1359231428745672,0.042849406819646774,0.0,-0.0025233440424693443,-0.0023535620024790482,0.020442236329778596,0.0630090518486987,-0.03123861246136661,0.0,0,1,1,0,0,1,1,0
10.120,2.4846671785359358,0.8468510268575293,-0.42973429940662483,-0.3772711168700419,1.0201036012147,0.0,0.6622866832355115,3.1372363599595445,0.959055007395368,0.1339149957300797,2.2677724029702433,0.0,2.7774855257994036,0.6406093297118769,-1.8243865714539536,1.282316522072496,0.2557094426920244,1.0896085500717163,0.3697413013323941,2.2940764602826773,1.6318420543102652,-1.3064044952770812,3.3407976936432626,0.7286149859428406,0.0015227639063342124,-0.006043680278547514,0.04546305544767604,0.13702227137851164,-0.04317489764989646,0.0,0.0025447213990489326,0.0023714675749850755,-0.020606546832833805,-0.06351597963745687,0.03148900162303381,0.0,0.0,0.0,0.0,0.0,0.0,0.0,0.0,0.0,0.0,0.0,0.0,0.0,-0.0015227639063342124,0.006043680278547514,-0.04546305544767604,-0.13702227137851164,0.04317489764989646,0.0,-0.0025447213990489326,-0.0023714675749850755,0.020606546832833805,0.06351597963745687,-0.03148900162303381,0.0,0,1,1,0,0,1,1,0
10.220,2.4846682828854467,0.8468050561128875,-0.42937933446006066,-0.37617863871236473,1.0197804452393686,0.0,0.6623079649874274,3.13725414774705,0.9588917211899971,0.13341119701929524,2.268021231223167,0.0,2.7774855257994036,0.6406093297118769,-1.8243865714539536,1.282316522072496,0.2557094426920244,1.0896085500717163,0.3697413013323941,2.2940764602826773,1.6318420543102652,-1.3064044952770812,3.3407976936432626,0.7286149859428406,0.0015238682558451622,-0.006089651023189369,0.04581802039424021,0.1381147495361888,-0.04349805362522785,0.0,0.0025660031509647796,0.002389255362490683,-0.020769833038204677,-0.06401977834824132,0.03173782987595741,0.0,0.0,0.0,0.0,0.0,0.0,0.0,0.0,0.0,0.0,0.0,0.0,0.0,-0.0015238682558451622,0.006089651023189369,-0.04581802039424021,-0.1381147495361888,0.04349805362522785,0.0,-0.0025660031509647796,-0.002389255362490683,0.020769833038204677,0.06401977834824132,-0.03173782987595741,0.0,0,1,1,0,0,1,1,0
