receive_wall_iso,receive_monotonic_ns,elapsed_sec,ros_stamp_ns,side,cycle,completed_cycles,step_index,step_name,sequence_status,j1_rad,j2_rad,j3_rad,j4_rad,j5_rad,j6_rad
2026-07-17T09:58:15.313+07:00,3592814316816,0.070666619,1784257095312429348,right,,,,,,0.08362964540719985,2.8592031002044678,0.6508644819259644,-1.5157943964004517,3.2493093013763423,1.9337618350982675
2026-07-17T09:58:15.316+07:00,3592817022796,0.073372599,1784257095315688603,left,,,,,,3.0326125621795654,0.5639516711235047,-0.23975493013858787,1.5973879098892212,-0.13782687485218048,1.8970664739608762
2026-07-17T09:58:15.375+07:00,3592876791697,0.133141500,1784257095375356585,right,,,,,,0.08362964540719985,2.8592031002044678,0.6508644819259644,-1.5157943964004517,3.2493093013763423,1.9337618350982675
2026-07-17T09:58:15.388+07:00,3592889957257,0.146307060,1784257095388601444,left,,,,,,3.0326125621795654,0.5639516711235047,-0.23975493013858787,1.5973879098892212,-0.13782687485218048,1.8970664739608762
2026-07-17T09:58:15.445+07:00,3592946578676,0.202928479,1784257095444970066,right,,,,,,0.08362964540719985,2.8592031002044678,0.6508644819259644,-1.5157943964004517,3.2493093013763423,1.9337618350982675
2026-07-17T09:58:15.454+07:00,3592955524750,0.211874553,1784257095454217271,left,,,,,,3.0326125621795654,0.5639516711235047,-0.23975493013858787,1.5973879098892212,-0.13782687485218048,1.8970664739608762
2026-07-17T09:58:15.508+07:00,3593009832282,0.266182085,1784257095505839286,right,,,,,,0.08362964540719985,2.8592031002044678,0.6508644819259644,-1.5157943964004517,3.2493093013763423,1.9337618350982675
2026-07-17T09:58:15.519+07:00,3593020135962,0.276485765,1784257095518772587,left,,,,,,3.0326125621795654,0.5639516711235047,-0.23975493013858787,1.5973879098892212,-0.13782687485218048,1.8970664739608762
2026-07-17T09:58:15.571+07:00,3593072850370,0.329200173,1784257095571202254,right,,,,,,0.08362964540719985,2.8592031002044678,0.6508644819259644,-1.5157943964004517,3.2493093013763423,1.9337618350982675
2026-07-17T09:58:15.585+07:00,3593086953996,0.343303799,1784257095585599508,left,,,,,,3.0326125621795654,0.5639516711235047,-0.23975493013858787,1.5973879098892212,-0.13782687485218048,1.8970664739608762
2026-07-17T09:58:15.635+07:00,3593136622918,0.392972721,1784257095635187266,right,,,,,,0.08362964540719985,2.8592031002044678,0.6508644819259644,-1.5157943964004517,3.2493093013763423,1.9337618350982675
2026-07-17T09:58:15.652+07:00,3593153161209,0.409511012,1784257095651812631,left,,,,,,3.0326125621795654,0.5639516711235047,-0.23975493013858787,1.5973879098892212,-0.13782687485218048,1.8970664739608762
2026-07-17T09:58:15.707+07:00,3593208446934,0.464796737,1784257095703241774,right,,,,,,0.08362964540719985,2.8592031002044678,0.6508644819259644,-1.5157943964004517,3.2493093013763423,1.9337618350982675
2026-07-17T09:58:15.716+07:00,3593217303381,0.473653184,1784257095715933644,left,,,,,,3.0326125621795654,0.5639516711235047,-0.23975493013858787,1.5973879098892212,-0.13782687485218048,1.8970664739608762
2026-07-17T09:58:15.773+07:00,3593274769454,0.531119257,1784257095773198302,right,,,,,,0.08362964540719985,2.8592031002044678,0.6508644819259644,-1.5157943964004517,3.2493093013763423,1.9337618350982675
2026-07-17T09:58:15.784+07:00,3593285453004,0.541802807,1784257095784129530,left,,,,,,3.0326125621795654,0.5639516711235047,-0.23975493013858787,1.5973879098892212,-0.13782687485218048,1.8970664739608762
2026-07-17T09:58:15.839+07:00,3593340507417,0.596857220,1784257095839111578,right,,,,,,0.08362964540719985,2.8592031002044678,0.6508644819259644,-1.5157943964004517,3.2493093013763423,1.9337618350982675
2026-07-17T09:58:15.848+07:00,3593349360473,0.605710276,1784257095847869531,left,,,,,,3.0326125621795654,0.5639516711235047,-0.23975493013858787,1.5973879098892212,-0.13782687485218048,1.8970664739608762
2026-07-17T09:58:15.909+07:00,3593410928838,0.667278641,1784257095909502838,right,,,,,,0.08362964540719985,2.8592031002044678,0.6508644819259644,-1.5157943964004517,3.2493093013763423,1.9337618350982675
2026-07-17T09:58:15.910+07:00,3593411269254,0.667619057,1784257095910065685,left,,,,,,3.0326125621795654,0.5639516711235047,-0.23975493013858787,1.5973879098892212,-0.13782687485218048,1.8970664739608762
2026-07-17T09:58:15.971+07:00,3593472892001,0.729241804,1784257095971448571,left,,,,,,3.0326125621795654,0.5639516711235047,-0.23975493013858787,1.5973879098892212,-0.13782687485218048,1.8970664739608762
2026-07-17T09:58:15.988+07:00,3593488969506,0.745319309,1784257095987664598,right,,,,,,0.08362964540719985,2.8592031002044678,0.6508644819259644,-1.5157943964004517,3.2493093013763423,1.9337618350982675
2026-07-17T09:58:16.037+07:00,3593538539539,0.794889342,1784257096037018206,left,,,,,,3.0326125621795654,0.5639516711235047,-0.23975493013858787,1.5973879098892212,-0.13782687485218048,1.8970664739608762
2026-07-17T09:58:16.056+07:00,3593556983031,0.813332834,1784257096055489958,right,,,,,,0.08362964540719985,2.8592031002044678,0.6508644819259644,-1.5157943964004517,3.2493093013763423,1.9337618350982675
2026-07-17T09:58:16.107+07:00,3593608562758,0.864912561,1784257096098139936,left,,,,,,3.0326125621795654,0.5639516711235047,-0.23975493013858787,1.5973879098892212,-0.13782687485218048,1.8970664739608762
2026-07-17T09:58:16.129+07:00,3593630279066,0.886628869,1784257096129035567,right,,,,,,0.08362964540719985,2.8592031002044678,0.6508644819259644,-1.5157943964004517,3.2493093013763423,1.9337618350982675
2026-07-17T09:58:16.162+07:00,3593663293183,0.919642986,1784257096161883043,left,,,,,,3.0326125621795654,0.5639516711235047,-0.23975493013858787,1.5973879098892212,-0.13782687485218048,1.8970664739608762
2026-07-17T09:58:16.200+07:00,3593701206904,0.957556707,1784257096199827344,right,,,,,,0.08362964540719985,2.8592031002044678,0.6508644819259644,-1.5157943964004517,3.2493093013763423,1.9337618350982675
2026-07-17T09:58:16.228+07:00,3593729108227,0.985458030,1784257096227831527,left,,,,,,3.0326125621795654,0.5639516711235047,-0.23975493013858787,1.5973879098892212,-0.13782687485218048,1.8970664739608762
2026-07-17T09:58:16.307+07:00,3593808859625,1.065209428,1784257096292010070,left,,,,,,3.0326125621795654,0.5639516711235047,-0.23975493013858787,1.5973879098892212,-0.13782687485218048,1.8970664739608762
2026-07-17T09:58:16.307+07:00,3593808955087,1.065304890,1784257096273644591,right,,,,,,0.08362964540719985,2.8592031002044678,0.6508644819259644,-1.5157943964004517,3.2493093013763423,1.9337618350982675
2026-07-17T09:58:16.339+07:00,3593840589761,1.096939564,1784257096339408213,right,,,,,,0.08362964540719985,2.8592031002044678,0.6508644819259644,-1.5157943964004517,3.2493093013763423,1.9337618350982675
2026-07-17T09:58:16.356+07:00,3593857297549,1.113647352,1784257096356150222,left,,,,,,3.0326125621795654,0.5639516711235047,-0.23975493013858787,1.5973879098892212,-0.13782687485218048,1.8970664739608762
2026-07-17T09:58:16.408+07:00,3593909471474,1.165821277,1784257096408053103,right,,,,,,0.08362964540719985,2.8592031002044678,0.6508644819259644,-1.5157943964004517,3.2493093013763423,1.9337618350982675
2026-07-17T09:58:16.420+07:00,3593921386106,1.177735909,1784257096420017628,left,,,,,,3.0326125621795654,0.5639516711235047,-0.23975493013858787,1.5973879098892212,-0.13782687485218048,1.8970664739608762
2026-07-17T09:58:16.508+07:00,3594009559634,1.265909437,1784257096482387980,left,,,,,,3.0326125621795654,0.5639516711235047,-0.23975493013858787,1.5973879098892212,-0.13782687485218048,1.8970664739608762
2026-07-17T09:58:16.508+07:00,3594009724365,1.266074168,1784257096468918694,right,,,,,,0.08362964540719985,2.8592031002044678,0.6508644819259644,-1.5157943964004517,3.2493093013763423,1.9337618350982675
2026-07-17T09:58:16.535+07:00,3594036423962,1.292773765,1784257096535012569,right,,,,,,0.08362964540719985,2.8592031002044678,0.6508644819259644,-1.5157943964004517,3.2493093013763423,1.9337618350982675
2026-07-17T09:58:16.545+07:00,3594046245412,1.302595215,1784257096545049674,left,,,,,,3.0326125621795654,0.5639516711235047,-0.23975493013858787,1.5973879098892212,-0.13782687485218048,1.8970664739608762
2026-07-17T09:58:16.601+07:00,3594102436462,1.358786265,1784257096601101320,right,,,,,,0.08362964540719985,2.8592031002044678,0.6508644819259644,-1.5157943964004517,3.2493093013763423,1.9337618350982675
2026-07-17T09:58:16.617+07:00,3594118724832,1.375074635,1784257096617463975,left,,,,,,3.0326125621795654,0.5639516711235047,-0.23975493013858787,1.5973879098892212,-0.13782687485218048,1.8970664739608762
2026-07-17T09:58:16.707+07:00,3594208196910,1.464546713,1784257096683621165,left,,,,,,3.0326125621795654,0.5639516711235047,-0.23975493013858787,1.5973879098892212,-0.13782687485218048,1.8970664739608762
2026-07-17T09:58:16.707+07:00,3594208346207,1.464696010,1784257096680203096,right,,,,,,0.08362964540719985,2.8592031002044678,0.6508644819259644,-1.5157943964004517,3.2493093013763423,1.9337618350982675
2026-07-17T09:58:16.753+07:00,3594254445985,1.510795788,1784257096752817114,left,,,,,,3.0326125621795654,0.5639516711235047,-0.23975493013858787,1.5973879098892212,-0.13782687485218048,1.8970664739608762
2026-07-17T09:58:16.758+07:00,3594259960785,1.516310588,1784257096758593496,right,,,,,,0.08362964540719985,2.8592031002044678,0.6508644819259644,-1.5157943964004517,3.2493093013763423,1.9337618350982675
2026-07-17T09:58:16.819+07:00,3594319974933,1.576324736,1784257096818294762,left,,,,,,3.0326125621795654,0.5639516711235047,-0.23975493013858787,1.5973879098892212,-0.13782687485218048,1.8970664739608762
2026-07-17T09:58:16.821+07:00,3594322454081,1.578803884,1784257096821060030,right,,,,,,0.08362964540719985,2.8592031002044678,0.6508644819259644,-1.5157943964004517,3.2493093013763423,1.9337618350982675
2026-07-17T09:58:16.917+07:00,3594418876374,1.675226177,1784257096897169305,left,,,,,,3.0326125621795654,0.5639516711235047,-0.23975493013858787,1.5973879098892212,-0.13782687485218048,1.8970664739608762
2026-07-17T09:58:16.918+07:00,3594418984043,1.675333846,1784257096883288371,right,,,,,,0.08362964540719985,2.8592031002044678,0.6508644819259644,-1.5157943964004517,3.2493093013763423,1.9337618350982675
2026-07-17T09:58:16.951+07:00,3594452229790,1.708579593,1784257096950786900,right,,,,,,0.08362964540719985,2.8592031002044678,0.6508644819259644,-1.5157943964004517,3.2493093013763423,1.9337618350982675
2026-07-17T09:58:16.958+07:00,3594459736336,1.716086139,1784257096958368468,left,,,,,,3.0326125621795654,0.5639516711235047,-0.23975493013858787,1.5973879098892212,-0.13782687485218048,1.8970664739608762
2026-07-17T09:58:17.020+07:00,3594521458033,1.777807836,1784257097019679981,left,,,,,,3.0326125621795654,0.5639516711235047,-0.23975493013858787,1.5973879098892212,-0.13782687485218048,1.8970664739608762
2026-07-17T09:58:17.025+07:00,3594526220718,1.782570521,1784257097024892125,right,,,,,,0.08362964540719985,2.8592031002044678,0.6508644819259644,-1.5157943964004517,3.2493093013763423,1.9337618350982675
2026-07-17T09:58:17.138+07:00,3594639875594,1.896225397,1784257097085748100,left,,,,,,3.0326125621795654,0.5639516711235047,-0.23975493013858787,1.5973879098892212,-0.13782687485218048,1.8970664739608762
2026-07-17T09:58:17.139+07:00,3594640035692,1.896385495,1784257097087033400,right,,,,,,0.08362964540719985,2.8592031002044678,0.6508644819259644,-1.5157943964004517,3.2493093013763423,1.9337618350982675
2026-07-17T09:58:17.150+07:00,3594651101577,1.907451380,1784257097149712345,left,,,,,,3.0326125621795654,0.5639516711235047,-0.23975493013858787,1.5973879098892212,-0.13782687485218048,1.8970664739608762
2026-07-17T09:58:17.166+07:00,3594667555073,1.923904876,1784257097166226841,right,,,,,,0.08362964540719985,2.8592031002044678,0.6508644819259644,-1.5157943964004517,3.2493093013763423,1.9337618350982675
2026-07-17T09:58:17.217+07:00,3594718052599,1.974402402,1784257097216616301,left,,,,,,3.0326125621795654,0.5639516711235047,-0.23975493013858787,1.5973879098892212,-0.13782687485218048,1.8970664739608762
2026-07-17T09:58:17.235+07:00,3594736190501,1.992540304,1784257097234707814,right,,,,,,0.08362964540719985,2.8592031002044678,0.6508644819259644,-1.5157943964004517,3.2493093013763423,1.9337618350982675
2026-07-17T09:58:17.307+07:00,3594807988458,2.064338261,1784257097287772229,left,,,,,,3.0326125621795654,0.5639516711235047,-0.23975493013858787,1.5973879098892212,-0.13782687485218048,1.8970664739608762
2026-07-17T09:58:17.310+07:00,3594811954179,2.068303982,1784257097310584941,right,,,,,,0.08362964540719985,2.8592031002044678,0.6508644819259644,-1.5157943964004517,3.2493093013763423,1.9337618350982675
2026-07-17T09:58:17.352+07:00,3594853117871,2.109467674,1784257097351656247,left,,,,,,3.0326125621795654,0.5639516711235047,-0.23975493013858787,1.5973879098892212,-0.13782687485218048,1.8970664739608762
2026-07-17T09:58:17.374+07:00,3594875712477,2.132062280,1784257097374254981,right,,,,,,0.08362964540719985,2.8592031002044678,0.6508644819259644,-1.5157943964004517,3.2493093013763423,1.9337618350982675
2026-07-17T09:58:17.414+07:00,3594915332874,2.171682677,1784257097413888399,left,,,,,,3.0326125621795654,0.5639516711235047,-0.23975493013858787,1.5973879098892212,-0.13782687485218048,1.8970664739608762
2026-07-17T09:58:17.444+07:00,3594945955058,2.202304861,1784257097444538630,right,,,,,,0.08362964540719985,2.8592031002044678,0.6508644819259644,-1.5157943964004517,3.2493093013763423,1.9337618350982675
2026-07-17T09:58:17.507+07:00,3595008240192,2.264589995,1784257097483916654,left,,,,,,3.0326125621795654,0.5639516711235047,-0.23975493013858787,1.5973879098892212,-0.13782687485218048,1.8970664739608762
2026-07-17T09:58:17.509+07:00,3595010297305,2.266647108,1784257097508984005,right,,,,,,0.08362964540719985,2.8592031002044678,0.6508644819259644,-1.5157943964004517,3.2493093013763423,1.9337618350982675
2026-07-17T09:58:17.546+07:00,3595047082223,2.303432026,1784257097545690351,left,,,,,,3.0326125621795654,0.5639516711235047,-0.23975493013858787,1.5973879098892212,-0.13782687485218048,1.8970664739608762
2026-07-17T09:58:17.582+07:00,3595083392164,2.339741967,1784257097581913194,right,,,,,,0.08362964540719985,2.8592031002044678,0.6508644819259644,-1.5157943964004517,3.2493093013763423,1.9337618350982675
2026-07-17T09:58:17.612+07:00,3595113442095,2.369791898,1784257097612069484,left,,,,,,3.0326125621795654,0.5639516711235047,-0.23975493013858787,1.5973879098892212,-0.13782687485218048,1.8970664739608762
2026-07-17T09:58:17.657+07:00,3595158278438,2.414628241,1784257097656893889,right,,,,,,0.08362964540719985,2.8592031002044678,0.6508644819259644,-1.5157943964004517,3.2493093013763423,1.9337618350982675
2026-07-17T09:58:17.707+07:00,3595208512469,2.464862272,1784257097703692651,left,,,,,,3.0326125621795654,0.5639516711235047,-0.23975493013858787,1.5973879098892212,-0.13782687485218048,1.8970664739608762
2026-07-17T09:58:17.735+07:00,3595236595178,2.492944981,1784257097735195217,right,,,,,,0.08362964540719985,2.8592031002044678,0.6508644819259644,-1.5157943964004517,3.2493093013763423,1.9337618350982675
2026-07-17T09:58:17.771+07:00,3595272575699,2.528925502,1784257097771107133,left,,,,,,3.0326125621795654,0.5639516711235047,-0.23975493013858787,1.5973879098892212,-0.13782687485218048,1.8970664739608762
2026-07-17T09:58:17.799+07:00,3595300247167,2.556596970,1784257097798828682,right,,,,,,0.08362964540719985,2.8592031002044678,0.6508644819259644,-1.5157943964004517,3.2493093013763423,1.9337618350982675
2026-07-17T09:58:17.833+07:00,3595334809463,2.591159266,1784257097833443125,left,,,,,,3.0326125621795654,0.5639516711235047,-0.23975493013858787,1.5973879098892212,-0.13782687485218048,1.8970664739608762
2026-07-17T09:58:17.908+07:00,3595409741222,2.666091025,1784257097863467767,right,,,,,,0.08362964540719985,2.8592031002044678,0.6508644819259644,-1.5157943964004517,3.2493093013763423,1.9337618350982675
2026-07-17T09:58:17.909+07:00,3595410056757,2.666406560,1784257097907977592,left,,,,,,3.0326125621795654,0.5639516711235047,-0.23975493013858787,1.5973879098892212,-0.13782687485218048,1.8970664739608762
2026-07-17T09:58:17.928+07:00,3595429927661,2.686277464,1784257097928533511,right,,,,,,0.08362964540719985,2.8592031002044678,0.6508644819259644,-1.5157943964004517,3.2493093013763423,1.9337618350982675
2026-07-17T09:58:17.971+07:00,3595472442047,2.728791850,1784257097971027309,left,,,,,,3.0326125621795654,0.5639516711235047,-0.23975493013858787,1.5973879098892212,-0.13782687485218048,1.8970664739608762
2026-07-17T09:58:18.002+07:00,3595503483453,2.759833256,1784257098001948282,right,,,,,,0.08362964540719985,2.8592031002044678,0.6508644819259644,-1.5157943964004517,3.2493093013763423,1.9337618350982675
2026-07-17T09:58:18.032+07:00,3595533641313,2.789991116,1784257098032304189,left,,,,,,3.0326125621795654,0.5639516711235047,-0.23975493013858787,1.5973879098892212,-0.13782687485218048,1.8970664739608762
2026-07-17T09:58:18.106+07:00,3595607868841,2.864218644,1784257098095284629,left,,,,,,3.0326125621795654,0.5639516711235047,-0.23975493013858787,1.5973879098892212,-0.13782687485218048,1.8970664739608762
2026-07-17T09:58:18.107+07:00,3595607973740,2.864323543,1784257098070496511,right,,,,,,0.08362964540719985,2.8592031002044678,0.6508644819259644,-1.5157943964004517,3.2493093013763423,1.9337618350982675
2026-07-17T09:58:18.158+07:00,3595659388533,2.915738336,1784257098157929892,right,,,,,,0.08362964540719985,2.8592031002044678,0.6508644819259644,-1.5157943964004517,3.2493093013763423,1.9337618350982675
2026-07-17T09:58:18.160+07:00,3595661415776,2.917765579,1784257098160174343,left,,,,,,3.0326125621795654,0.5639516711235047,-0.23975493013858787,1.5973879098892212,-0.13782687485218048,1.8970664739608762
2026-07-17T09:58:18.225+07:00,3595726758579,2.983108382,1784257098225375813,left,,,,,,3.0326125621795654,0.5639516711235047,-0.23975493013858787,1.5973879098892212,-0.13782687485218048,1.8970664739608762
2026-07-17T09:58:18.230+07:00,3595731529222,2.987879025,1784257098230337787,right,,,,,,0.08362964540719985,2.8592031002044678,0.6508644819259644,-1.5157943964004517,3.2493093013763423,1.9337618350982675
2026-07-17T09:58:18.307+07:00,3595808554611,3.064904414,1784257098289227098,left,,,,,,3.0326125621795654,0.5639516711235047,-0.23975493013858787,1.5973879098892212,-0.13782687485218048,1.8970664739608762
2026-07-17T09:58:18.307+07:00,3595808652212,3.065002015,1784257098307319883,right,,,,,,0.08362964540719985,2.8592031002044678,0.6508644819259644,-1.5157943964004517,3.2493093013763423,1.9337618350982675
2026-07-17T09:58:18.364+07:00,3595865688327,3.122038130,1784257098364094978,left,,,,,,3.0326125621795654,0.5639516711235047,-0.23975493013858787,1.5973879098892212,-0.13782687485218048,1.8970664739608762
2026-07-17T09:58:18.368+07:00,3595869320351,3.125670154,1784257098367999089,right,,,,,,0.08362964540719985,2.8592031002044678,0.6508644819259644,-1.5157943964004517,3.2493093013763423,1.9337618350982675
2026-07-17T09:58:18.429+07:00,3595930838641,3.187188444,1784257098429401300,left,,,,,,3.0326125621795654,0.5639516711235047,-0.23975493013858787,1.5973879098892212,-0.13782687485218048,1.8970664739608762
2026-07-17T09:58:18.430+07:00,3595931658107,3.188007910,1784257098430360103,right,,,,,,0.08362964540719985,2.8592031002044678,0.6508644819259644,-1.5157943964004517,3.2493093013763423,1.9337618350982675
2026-07-17T09:58:18.507+07:00,3596008214300,3.264564103,1784257098490704032,left,,,,,,3.0326125621795654,0.5639516711235047,-0.23975493013858787,1.5973879098892212,-0.13782687485218048,1.8970664739608762
2026-07-17T09:58:18.507+07:00,3596008311032,3.264660835,1784257098502259368,right,,,,,,0.08362964540719985,2.8592031002044678,0.6508644819259644,-1.5157943964004517,3.2493093013763423,1.9337618350982675
2026-07-17T09:58:18.550+07:00,3596051803771,3.308153574,1784257098550237383,left,,,,,,3.0326125621795654,0.5639516711235047,-0.23975493013858787,1.5973879098892212,-0.13782687485218048,1.8970664739608762
2026-07-17T09:58:18.564+07:00,3596065424752,3.321774555,1784257098564020834,right,,,,,,0.08362964540719985,2.8592031002044678,0.6508644819259644,-1.5157943964004517,3.2493093013763423,1.9337618350982675
2026-07-17T09:58:18.618+07:00,3596119350358,3.375700161,1784257098617434093,left,,,,,,3.0326125621795654,0.5639516711235047,-0.23975493013858787,1.5973879098892212,-0.13782687485218048,1.8970664739608762
2026-07-17T09:58:18.626+07:00,3596127888271,3.384238074,1784257098626452543,right,,,,,,0.08362964540719985,2.8592031002044678,0.6508644819259644,-1.5157943964004517,3.2493093013763423,1.9337618350982675
2026-07-17T09:58:18.718+07:00,3596219277023,3.475626826,1784257098682896199,left,,,,,,3.0326125621795654,0.5639516711235047,-0.23975493013858787,1.5973879098892212,-0.13782687485218048,1.8970664739608762
2026-07-17T09:58:18.718+07:00,3596219381837,3.475731640,1784257098687408770,right,,,,,,0.08362964540719985,2.8592031002044678,0.6508644819259644,-1.5157943964004517,3.2493093013763423,1.9337618350982675
2026-07-17T09:58:18.752+07:00,3596253180665,3.509530468,1784257098751453889,left,,,,,,3.0326125621795654,0.5639516711235047,-0.23975493013858787,1.5973879098892212,-0.13782687485218048,1.8970664739608762
2026-07-17T09:58:18.756+07:00,3596257078567,3.513428370,1784257098755599619,right,,,,,,0.08362964540719985,2.8592031002044678,0.6508644819259644,-1.5157943964004517,3.2493093013763423,1.9337618350982675
2026-07-17T09:58:18.814+07:00,3596315450957,3.571800760,1784257098813929494,left,,,,,,3.0326125621795654,0.5639516711235047,-0.23975493013858787,1.5973879098892212,-0.13782687485218048,1.8970664739608762
2026-07-17T09:58:18.821+07:00,3596322949183,3.579298986,1784257098821564062,right,,,,,,0.08362964540719985,2.8592031002044678,0.6508644819259644,-1.5157943964004517,3.2493093013763423,1.9337618350982675
2026-07-17T09:58:18.919+07:00,3596419979795,3.676329598,1784257098882918037,left,,,,,,3.0326125621795654,0.5639516711235047,-0.23975493013858787,1.5973879098892212,-0.13782687485218048,1.8970664739608762
2026-07-17T09:58:18.919+07:00,3596420148454,3.676498257,1784257098887004888,right,,,,,,0.08362964540719985,2.8592031002044678,0.6508644819259644,-1.5157943964004517,3.2493093013763423,1.9337618350982675
2026-07-17T09:58:18.947+07:00,3596448786946,3.705136749,1784257098947287287,left,,,,,,3.0326125621795654,0.5639516711235047,-0.23975493013858787,1.5973879098892212,-0.13782687485218048,1.8970664739608762
2026-07-17T09:58:18.951+07:00,3596452923024,3.709272827,1784257098951585471,right,,,,,,0.08362964540719985,2.8592031002044678,0.6508644819259644,-1.5157943964004517,3.2493093013763423,1.9337618350982675
2026-07-17T09:58:19.015+07:00,3596516496734,3.772846537,1784257099014881014,left,,,,,,3.0326125621795654,0.5639516711235047,-0.23975493013858787,1.5973879098892212,-0.13782687485218048,1.8970664739608762
2026-07-17T09:58:19.016+07:00,3596517207467,3.773557270,1784257099015897399,right,,,,,,0.08362964540719985,2.8592031002044678,0.6508644819259644,-1.5157943964004517,3.2493093013763423,1.9337618350982675
2026-07-17T09:58:19.118+07:00,3596619041455,3.875391258,1784257099084749870,left,,,,,,3.0326125621795654,0.5639516711235047,-0.23975493013858787,1.5973879098892212,-0.13782687485218048,1.8970664739608762
2026-07-17T09:58:19.118+07:00,3596619398831,3.875748634,1784257099083014234,right,,,,,,0.08362964540719985,2.8592031002044678,0.6508644819259644,-1.5157943964004517,3.2493093013763423,1.9337618350982675
2026-07-17T09:58:19.147+07:00,3596648482818,3.904832621,1784257099147027652,right,,,,,,0.08362964540719985,2.8592031002044678,0.6508644819259644,-1.5157943964004517,3.2493093013763423,1.9337618350982675
2026-07-17T09:58:19.152+07:00,3596653647732,3.909997535,1784257099152351638,left,,,,,,3.0326125621795654,0.5639516711235047,-0.23975493013858787,1.5973879098892212,-0.13782687485218048,1.8970664739608762
2026-07-17T09:58:19.212+07:00,3596713364830,3.969714633,1784257099211789753,right,,,,,,0.08362964540719985,2.8592031002044678,0.6508644819259644,-1.5157943964004517,3.2493093013763423,1.9337618350982675
2026-07-17T09:58:19.217+07:00,3596718746004,3.975095807,1784257099217501564,left,,,,,,3.0326125621795654,0.5639516711235047,-0.23975493013858787,1.5973879098892212,-0.13782687485218048,1.8970664739608762
2026-07-17T09:58:19.308+07:00,3596809022351,4.065372154,1784257099283099152,left,,,,,,3.0326125621795654,0.5639516711235047,-0.23975493013858787,1.5973879098892212,-0.13782687485218048,1.8970664739608762
2026-07-17T09:58:19.308+07:00,3596809142750,4.065492553,1784257099275696052,right,,,,,,0.08362964540719985,2.8592031002044678,0.6508644819259644,-1.5157943964004517,3.2493093013763423,1.9337618350982675
2026-07-17T09:58:19.344+07:00,3596845195197,4.101545000,1784257099343421851,right,,,,,,0.08362964540719985,2.8592031002044678,0.6508644819259644,-1.5157943964004517,3.2493093013763423,1.9337618350982675
2026-07-17T09:58:19.347+07:00,3596848367927,4.104717730,1784257099346953215,left,,,,,,3.0326125621795654,0.5639516711235047,-0.23975493013858787,1.5973879098892212,-0.13782687485218048,1.8970664739608762
2026-07-17T09:58:19.410+07:00,3596911530765,4.167880568,1784257099410124699,right,,,,,,0.08362964540719985,2.8592031002044678,0.6508644819259644,-1.5157943964004517,3.2493093013763423,1.9337618350982675
2026-07-17T09:58:19.416+07:00,3596917829709,4.174179512,1784257099416447117,left,,,,,,3.0326125621795654,0.5639516711235047,-0.23975493013858787,1.5973879098892212,-0.13782687485218048,1.8970664739608762
2026-07-17T09:58:19.527+07:00,3597028857858,4.285207661,1784257099482046815,left,,,,,,3.0326125621795654,0.5639516711235047,-0.23975493013858787,1.5973879098892212,-0.13782687485218048,1.8970664739608762
2026-07-17T09:58:19.527+07:00,3597028956831,4.285306634,1784257099493272026,right,,,,,,0.08362964540719985,2.8592031002044678,0.6508644819259644,-1.5157943964004517,3.2493093013763423,1.9337618350982675
2026-07-17T09:58:19.542+07:00,3597043264778,4.299614581,1784257099541790128,left,,,,,,3.0326125621795654,0.5639516711235047,-0.23975493013858787,1.5973879098892212,-0.13782687485218048,1.8970664739608762
2026-07-17T09:58:19.557+07:00,3597058547382,4.314897185,1784257099557148277,right,,,,,,0.08362964540719985,2.8592031002044678,0.6508644819259644,-1.5157943964004517,3.2493093013763423,1.9337618350982675
2026-07-17T09:58:19.602+07:00,3597103876208,4.360226011,1784257099602373781,left,,,,,,3.0326125621795654,0.5639516711235047,-0.23975493013858787,1.5973879098892212,-0.13782687485218048,1.8970664739608762
2026-07-17T09:58:19.622+07:00,3597123209924,4.379559727,1784257099621831488,right,,,,,,0.08362964540719985,2.8592031002044678,0.6508644819259644,-1.5157943964004517,3.2493093013763423,1.9337618350982675
2026-07-17T09:58:19.717+07:00,3597218947108,4.475296911,1784257099664805561,left,,,,,,3.0326125621795654,0.5639516711235047,-0.23975493013858787,1.5973879098892212,-0.13782687485218048,1.8970664739608762
2026-07-17T09:58:19.718+07:00,3597219052318,4.475402121,1784257099686429693,right,,,,,,0.08362964540719985,2.8592031002044678,0.6508644819259644,-1.5157943964004517,3.2493093013763423,1.9337618350982675
2026-07-17T09:58:19.745+07:00,3597246282219,4.502632022,1784257099744571114,left,,,,,,3.0326125621795654,0.5639516711235047,-0.23975493013858787,1.5973879098892212,-0.13782687485218048,1.8970664739608762
2026-07-17T09:58:19.752+07:00,3597253419501,4.509769304,1784257099752015181,right,,,,,,0.08362964540719985,2.8592031002044678,0.6508644819259644,-1.5157943964004517,3.2493093013763423,1.9337618350982675
2026-07-17T09:58:19.809+07:00,3597310939485,4.567289288,1784257099809510713,left,,,,,,3.0326125621795654,0.5639516711235047,-0.23975493013858787,1.5973879098892212,-0.13782687485218048,1.8970664739608762
2026-07-17T09:58:19.817+07:00,3597317967812,4.574317615,1784257099816564230,right,,,,,,0.08362964540719985,2.8592031002044678,0.6508644819259644,-1.5157943964004517,3.2493093013763423,1.9337618350982675
2026-07-17T09:58:19.919+07:00,3597420020297,4.676370100,1784257099881406998,left,,,,,,3.0326125621795654,0.5639516711235047,-0.23975493013858787,1.5973879098892212,-0.13782687485218048,1.8970664739608762
2026-07-17T09:58:19.919+07:00,3597420132303,4.676482106,1784257099881920299,right,,,,,,0.08362964540719985,2.8592031002044678,0.6508644819259644,-1.5157943964004517,3.2493093013763423,1.9337618350982675
2026-07-17T09:58:19.954+07:00,3597455658544,4.712008347,1784257099954318526,left,,,,,,3.032648366381859,0.5638067653984028,-0.23994203709557008,1.5973566339600707,-0.13778629459077504,1.8967335223350523
2026-07-17T09:58:19.958+07:00,3597458999610,4.715349413,1784257099957731445,right,,,,,,0.08358485472313931,2.858957493664524,0.6504987438852355,-1.5158502723724423,3.249274611911307,1.9331474350738533
2026-07-17T09:58:20.018+07:00,3597519135656,4.775485459,1784257100017478744,left,,,,,,3.033093929788183,0.5620034941526911,-0.24227047922690415,1.5969674223973083,-0.1372812957821742,1.8925901243247985
2026-07-17T09:58:20.035+07:00,3597536806593,4.793156396,1784257100035335946,right,,,,,,0.08308095952745817,2.856194420090159,0.6463841909270369,-1.51647887705734,3.2488843554296594,1.9262354347991952
2026-07-17T09:58:20.107+07:00,3597608194924,4.864544727,1784257100086596383,left,,,,,,3.034048708516019,0.558139341483309,-0.2472599980797629,1.5961333976199603,-0.13619915547802955,1.8837114143028255
2026-07-17T09:58:20.107+07:00,3597608295905,4.864645708,1784257100103351838,right,,,,,,0.08216228394617874,2.851156927683395,0.6388827514154561,-1.5176249165100726,3.2481728600568154,1.913633834457398
2026-07-17T09:58:20.150+07:00,3597651444643,4.907794446,1784257100150023426,left,,,,,,3.0353608662037908,0.5528288150921906,-0.25411712144267745,1.5949871927543897,-0.13471196407133704,1.8715093540000913
2026-07-17T09:58:20.171+07:00,3597672695267,4.929045070,1784257100171330661,right,,,,,,0.08122914473199698,2.8460401249712266,0.6312632092030466,-1.518788999213626,3.2474501628972967,1.9008338344573983
2026-07-17T09:58:20.211+07:00,3597712266430,4.968616233,1784257100210979554,left,,,,,,3.0366869477428824,0.5474619364953964,-0.26104700859539964,1.5938288250319623,-0.13320899145768741,1.8591778125572203
2026-07-17T09:58:20.245+07:00,3597746851971,5.003201774,1784257100245443956,right,,,,,,0.0801793631160425,2.840283721920037,0.622691224214086,-1.5200985922551238,3.246637128592837,1.8864338344573983
2026-07-17T09:58:20.307+07:00,3597808651006,5.065000809,1784257100284790734,left,,,,,,3.038178789474361,0.541424198074003,-0.26884313164221213,1.5925256613442311,-0.13151814726733163,1.8453048284339904
2026-07-17T09:58:20.308+07:00,3597809543090,5.065892893,1784257100308249089,right,,,,,,0.07924622390186076,2.8351669192078686,0.6150716820016766,-1.5212626749586773,3.2459144314333184,1.8736338344573982
2026-07-17T09:58:20.353+07:00,3597854848149,5.111197952,1784257100353335500,left,,,,,,3.0396706312058384,0.5353864596526094,-0.2766392546890246,1.5912224976565006,-0.12982730307697585,1.8314318443107602
2026-07-17T09:58:20.373+07:00,3597874864707,5.131214510,1784257100373511937,right,,,,,,0.07819644228590629,2.8294105161566785,0.6064996970127159,-1.5225722680001752,3.2451013971288605,1.8592338344573982
2026-07-17T09:58:20.423+07:00,3597924116002,5.180465805,1784257100422667662,left,,,,,,3.04099671274493,0.5300195810558154,-0.28356914184174686,1.590064129934073,-0.12832433046332625,1.8191003028678892
2026-07-17T09:58:20.438+07:00,3597939703847,5.196053650,1784257100438329918,right,,,,,,0.07726330307172455,2.82429371344451,0.5988801548003064,-1.5237363507037285,3.244378699969342,1.8464338344573983
2026-07-17T09:58:20.507+07:00,3598008325658,5.264675461,1784257100506824157,right,,,,,,0.0763301638575428,2.8191769107323412,0.591260612587897,-1.524900433407282,3.243656002809822,1.8336338344573986
2026-07-17T09:58:20.512+07:00,3598013374952,5.269724755,1784257100512022105,left,,,,,,3.042985835053568,0.521969263160624,-0.2939639725708301,1.5883265783504315,-0.12606987154285187,1.8006029907035825
2026-07-17T09:58:20.568+07:00,3598069898061,5.326247864,1784257100568373772,right,,,,,,0.07539702464336105,2.8140601080201724,0.5836410703754876,-1.5260645161108355,3.242933305650303,1.8208338344573984
2026-07-17T09:58:20.576+07:00,3598076997808,5.333347611,1784257100575591289,left,,,,,,3.044311916592659,0.5166023845638298,-0.3008938597235523,1.5871682106280038,-0.1245668989292023,1.7882714492607117
2026-07-17T09:58:20.643+07:00,3598144355726,5.400705529,1784257100642768386,right,,,,,,0.07434724302740658,2.808303704968983,0.5750690853865271,-1.5273741091523332,3.242120271345845,1.8064338344573985
2026-07-17T09:58:20.644+07:00,3598145648719,5.401998522,1784257100644322045,left,,,,,,3.0456379981317507,0.5112355059670357,-0.3078237468762745,1.5860098429055765,-0.1230639263155527,1.7759399078178404
2026-07-17T09:58:20.707+07:00,3598208763979,5.465113782,1784257100706168568,left,,,,,,3.0469640796708424,0.5058686273702414,-0.31475363402899675,1.5848514751831488,-0.12156095370190309,1.7636083663749695
2026-07-17T09:58:20.720+07:00,3598221019738,5.477369541,1784257100719698623,right,,,,,,0.07318081900967939,2.8019077015787723,0.5655446576210152,-1.5288292125317746,3.2412168998964463,1.7904338344573985
2026-07-17T09:58:20.773+07:00,3598274532546,5.530882349,1784257100773123480,left,,,,,,3.048290161209934,0.5005017487734472,-0.32168352118171895,1.5836931074607214,-0.12005798108825351,1.7512768249320982
2026-07-17T09:58:20.783+07:00,3598284798112,5.541147915,1784257100783418282,right,,,,,,0.07224767979549766,2.7967908988666035,0.5579251154086058,-1.5299932952353286,3.2404942027369272,1.7776338344573983
2026-07-17T09:58:20.840+07:00,3598341506067,5.597855870,1784257100840086351,left,,,,,,3.0497820029414116,0.49446401035205373,-0.3294796442285315,1.5823899437729905,-0.11836713689789771,1.7374038408088681
2026-07-17T09:58:20.847+07:00,3598348784590,5.605134393,1784257100847405717,right,,,,,,0.0713145405813159,2.791674096154435,0.5503055731961963,-1.531157377938882,3.2397715055774086,1.7648338344573984
2026-07-17T09:58:20.907+07:00,3598408104472,5.664454275,1784257100906905020,left,,,,,,3.051108084480503,0.4890971317552595,-0.33640953138125373,1.5812315760505629,-0.1168641642842481,1.7250722993659968
2026-07-17T09:58:20.911+07:00,3598412064957,5.668414760,1784257100910758500,right,,,,,,0.07038140136713417,2.7865572934422667,0.542686030983787,-1.5323214606424356,3.23904880841789,1.7520338344573987
2026-07-17T09:58:20.968+07:00,3598469717676,5.726067479,1784257100968283794,left,,,,,,3.0524341660195957,0.48373025315846524,-0.34333941853397604,1.580073208328135,-0.1153611916705985,1.7127407579231257
2026-07-17T09:58:20.975+07:00,3598476185499,5.732535302,1784257100974930259,right,,,,,,0.06956490455472514,2.7820800910691186,0.5360189315479287,-1.5333400330080444,3.238416448403311,1.7408338344573986
2026-07-17T09:58:21.033+07:00,3598534916738,5.791266541,1784257101033302240,left,,,,,,3.053760247558687,0.478363374561671,-0.3502693056866983,1.5789148406057076,-0.1138582190569489,1.7004092164802544
2026-07-17T09:58:21.040+07:00,3598541669148,5.798018951,1784257101040163208,right,,,,,,0.06851512293877067,2.7763236880179294,0.5274469465589682,-1.5346496260495421,3.237603414098852,1.7264338344573986
2026-07-17T09:58:21.107+07:00,3598608808330,5.865158133,1784257101099087283,left,,,,,,3.0549205689053927,0.47366735578947605,-0.35633295694533035,1.5779012688485836,-0.1125431180200055,1.6896191177177424
2026-07-17T09:58:21.107+07:00,3598608908428,5.865258231,1784257101107201658,right,,,,,,0.06758198372458893,2.7712068853057605,0.5198274043465587,-1.5358137087530956,3.236880716939333,1.7136338344573987
2026-07-17T09:58:21.163+07:00,3598664083654,5.920433457,1784257101162513920,left,,,,,,3.05641241063687,0.46762961736808256,-0.36412907999214283,1.5765981051608526,-0.11085227382964968,1.6757461335945123
2026-07-17T09:58:21.169+07:00,3598670578451,5.926928254,1784257101169276185,right,,,,,,0.06664884451040716,2.766090082593592,0.5122078621341493,-1.5369777914566491,3.2361580197798143,1.7008338344573986
2026-07-17T09:58:21.231+07:00,3598732809682,5.989159485,1784257101231539216,right,,,,,,0.06571570529622543,2.7609732798814237,0.5045883199217399,-1.5381418741602026,3.2354353226202957,1.6880338344573986
2026-07-17T09:58:21.242+07:00,3598743188189,5.999537992,1784257101241986421,left,,,,,,3.058070012560735,0.46092101912208977,-0.3727914389330456,1.5751501455078178,-0.10897355806258767,1.6603317067909233
2026-07-17T09:58:21.328+07:00,3598829077293,6.085427096,1784257101308805218,left,,,,,,3.0593960940998266,0.4555541405252954,-0.379721326085768,1.5739917777853907,-0.10747058544893807,1.648000165348052
2026-07-17T09:58:21.328+07:00,3598829182068,6.085531871,1784257101295287039,right,,,,,,0.06478256608204368,2.755856477169255,0.4969687777093305,-1.5393059568637562,3.2347126254607765,1.6752338344573985
2026-07-17T09:58:21.357+07:00,3598858780505,6.115130308,1784257101357197210,right,,,,,,0.06396606926963465,2.751379274796107,0.49030167827347226,-1.5403245292293655,3.234080265446198,1.6640338344573984
2026-07-17T09:58:21.379+07:00,3598880677456,6.137027259,1784257101379340440,left,,,,,,3.060887935831304,0.449516402103902,-0.38751744913258046,1.5726886140976597,-0.10577974125858226,1.634127181224822
2026-07-17T09:58:21.423+07:00,3598924713006,6.181062809,1784257101423074333,right,,,,,,0.06291628765368018,2.745622871744917,0.48172969328451165,-1.5416341222708632,3.233267231141739,1.6496338344573989
2026-07-17T09:58:21.451+07:00,3598952252851,6.208602654,1784257101450823909,left,,,,,,3.0623797775627817,0.44347866368250843,-0.39531357217939306,1.5713854504099285,-0.10408889706822648,1.620254197101592
2026-07-17T09:58:21.507+07:00,3599008159871,6.264509674,1784257101486126908,right,,,,,,0.06198314843949843,2.7405060690327487,0.47411015107210225,-1.5427982049744167,3.23254453398222,1.6368338344573987
2026-07-17T09:58:21.513+07:00,3599014601175,6.270950978,1784257101513332818,left,,,,,,3.063705859101874,0.4381117850857143,-0.4022434593321152,1.570227082687501,-0.10258592445457689,1.6079226556587207
2026-07-17T09:58:21.561+07:00,3599062074851,6.318424654,1784257101560688005,right,,,,,,0.06093336682354398,2.734749665981559,0.4655381660831416,-1.5441077980159144,3.2317314996777613,1.6224338344573987
2026-07-17T09:58:21.576+07:00,3599077418719,6.333768522,1784257101575996038,left,,,,,,3.065031940640966,0.4327449064889201,-0.4091733464848373,1.5690687149650735,-0.10108295184092732,1.5955911142158499
2026-07-17T09:58:21.627+07:00,3599128277057,6.384626860,1784257101626909697,right,,,,,,0.06000022760936222,2.7296328632693907,0.45791862387073223,-1.5452718807194679,3.2310088025182426,1.6096338344573986
2026-07-17T09:58:21.640+07:00,3599141584401,6.397934204,1784257101640210824,left,,,,,,3.0663580221800575,0.42737802789212603,-0.4161032336375594,1.567910347242646,-0.09957997922727772,1.583259572772979
2026-07-17T09:58:21.707+07:00,3599208888594,6.465238397,1784257101702841508,left,,,,,,3.067518343526763,0.42268200911993115,-0.4221668848961913,1.5668967754855219,-0.09826487819033436,1.572469474010467
2026-07-17T09:58:21.716+07:00,3599217192228,6.473542031,1784257101715917884,right,,,,,,0.05871716118986232,2.7225972595401586,0.4474417533286692,-1.546872494436854,3.230015093923904,1.5920338344573988
2026-07-17T09:58:21.767+07:00,3599268929823,6.525279626,1784257101767452095,left,,,,,,3.0688444250658544,0.417315130523137,-0.42909677204891344,1.5657384077630943,-0.09676190557668476,1.5601379325675961
2026-07-17T09:58:21.782+07:00,3599283279962,6.539629765,1784257101781884660,right,,,,,,0.05766737957390786,2.716840856488969,0.4388697683397086,-1.5481820874783514,3.229202059619446,1.577633834457399
2026-07-17T09:58:21.833+07:00,3599334021804,6.590371607,1784257101832618393,left,,,,,,3.070336266797332,0.41127739210174363,-0.4368928950957259,1.5644352440753633,-0.095071061386329,1.546264948444366
2026-07-17T09:58:21.845+07:00,3599346810608,6.603160411,1784257101845494805,right,,,,,,0.05685088276149883,2.712363654115822,0.43220266890385034,-1.5492006598439607,3.2285696996048663,1.566433834457399
2026-07-17T09:58:21.907+07:00,3599408704471,6.665054274,1784257101897414394,left,,,,,,3.0716623483364236,0.40591051350494944,-0.44382278224844796,1.5632768763529359,-0.09356808877267944,1.533933407001495
2026-07-17T09:58:21.922+07:00,3599423289991,6.679639794,1784257101921871071,right,,,,,,0.05568445874377164,2.705967650725611,0.42267824113833863,-1.5506557632234026,3.227666328155468,1.550433834457399
2026-07-17T09:58:21.960+07:00,3599461119771,6.717469574,1784257101959715606,left,,,,,,3.0729884298755152,0.40054363490815537,-0.4507526694011702,1.5621185086305083,-0.09206511615902985,1.521601865558624
2026-07-17T09:58:21.985+07:00,3599486649837,6.742999640,1784257101985204214,right,,,,,,0.05475131952958989,2.700850848013442,0.4150586989259292,-1.551819845926956,3.226943630995949,1.537633834457399
2026-07-17T09:58:22.032+07:00,3599533368650,6.789718453,1784257102031740166,left,,,,,,3.074480271606993,0.394505896486762,-0.4585487924479825,1.5608153449427773,-0.09037427196867408,1.5077288814353946
2026-07-17T09:58:22.051+07:00,3599552190224,6.808540027,1784257102050858005,right,,,,,,0.053818180315408144,2.6957340453012733,0.4074391567135198,-1.5529839286305096,3.2262209338364305,1.524833834457399
2026-07-17T09:58:22.107+07:00,3599608957705,6.865307508,1784257102097102535,left,,,,,,3.075806353146085,0.38913901788996785,-0.46547867960070466,1.5596569772203497,-0.08887129935502451,1.4953973399925238
2026-07-17T09:58:22.112+07:00,3599613014507,6.869364310,1784257102111668527,right,,,,,,0.052885041101226396,2.690617242589105,0.3998196145011103,-1.554148011334063,3.2254982366769114,1.512033834457399
2026-07-17T09:58:22.162+07:00,3599663352206,6.919702009,1784257102161544401,left,,,,,,3.0771324346851765,0.3837721392931738,-0.47240856675342674,1.5584986094979223,-0.08736832674137494,1.4830657985496525
2026-07-17T09:58:22.174+07:00,3599675174996,6.931524799,1784257102173903399,right,,,,,,0.05195190188704465,2.6855004398769364,0.392200072288701,-1.5553120940376166,3.2247755395173927,1.4992338344573992
2026-07-17T09:58:22.225+07:00,3599726281541,6.982631344,1784257102224811438,left,,,,,,3.078458516224268,0.3784052606963796,-0.4793384539061489,1.557340241775495,-0.08586535412772536,1.4707342571067816
2026-07-17T09:58:22.234+07:00,3599735519787,6.991869590,1784257102234120083,right,,,,,,0.05113540507463562,2.6810232375037883,0.38553297285284266,-1.5563306664032255,3.2241431795028137,1.4880338344573991
2026-07-17T09:58:22.308+07:00,3599809276497,7.065626300,1784257102289773327,left,,,,,,3.0797845977633598,0.3730383820995855,-0.486268341058871,1.5561818740530668,-0.0843623815140758,1.4584027156639106
2026-07-17T09:58:22.308+07:00,3599809403605,7.065753408,1784257102304204956,right,,,,,,0.05008562345868116,2.675266834452599,0.376960987863882,-1.5576402594447232,3.223330145198355,1.4736338344573991
2026-07-17T09:58:22.356+07:00,3599857191202,7.113541005,1784257102355361243,left,,,,,,3.0811106793024514,0.3676715035027913,-0.4931982282115932,1.5550235063306395,-0.0828594089004262,1.4460711742210397
2026-07-17T09:58:22.367+07:00,3599868303673,7.124653476,1784257102366976504,right,,,,,,0.04915248424449941,2.6701500317404303,0.36934144565147264,-1.5588043421482771,3.2226074480388363,1.4608338344573992
2026-07-17T09:58:22.425+07:00,3599926888375,7.183238178,1784257102425204998,left,,,,,,3.082602521033929,0.3616337650813979,-0.5009943512584055,1.5537203426429085,-0.08116856471007043,1.4321981900978102
2026-07-17T09:58:22.435+07:00,3599936643363,7.192993166,1784257102435242877,right,,,,,,0.04821934503031767,2.665033229028262,0.36172190343906324,-1.5599684248518306,3.221884750879317,1.4480338344573993
2026-07-17T09:58:22.517+07:00,3600018634415,7.274984218,1784257102489037075,left,,,,,,3.0839286025730206,0.3562668864846038,-0.5079242384111277,1.5525619749204809,-0.07966559209642088,1.4198666486549392
2026-07-17T09:58:22.517+07:00,3600018784839,7.275134642,1784257102511339146,right,,,,,,0.04705292101259048,2.658637225638051,0.3521974756735515,-1.5614235282312725,3.220981379429919,1.4320338344573995
2026-07-17T09:58:22.560+07:00,3600061560177,7.317909980,1784257102559848553,left,,,,,,3.0854204443044986,0.35022914806321037,-0.5157203614579401,1.5512588112327501,-0.0779747479060651,1.405993664531709
2026-07-17T09:58:22.581+07:00,3600082759029,7.339108832,1784257102581497014,right,,,,,,0.046003139396636014,2.652880822586861,0.34362549068459086,-1.5627331212727698,3.2201683451254604,1.417633834457399
2026-07-17T09:58:22.637+07:00,3600138438853,7.394788656,1784257102636790883,left,,,,,,3.08674652584359,0.34486226946641624,-0.5226502486106622,1.5501004435103223,-0.07647177529241553,1.3936621230888382
2026-07-17T09:58:22.643+07:00,3600144185979,7.400535782,1784257102642839647,right,,,,,,0.045186642584226985,2.648403620213714,0.33695839124873267,-1.563751693638379,3.219535985110881,1.4064338344573994
2026-07-17T09:58:22.707+07:00,3600208589826,7.464939629,1784257102701971024,left,,,,,,3.088238367575068,0.3388245310450228,-0.5304463716574747,1.5487972798225917,-0.07478093110205974,1.3797891389656083
2026-07-17T09:58:22.716+07:00,3600217521666,7.473871469,1784257102716295842,right,,,,,,0.04413686096827252,2.6426472171625237,0.32838640625977206,-1.5650612866798768,3.2187229508064226,1.3920338344573993
2026-07-17T09:58:22.766+07:00,3600266971927,7.523321730,1784257102765445919,left,,,,,,3.08956444911416,0.33345765244822867,-0.5373762588101967,1.5476389121001641,-0.07327795848841016,1.3674575975227377
2026-07-17T09:58:22.778+07:00,3600279032146,7.535381949,1784257102777701860,right,,,,,,0.043203721754090776,2.6375304144503553,0.3207668640473626,-1.5662253693834303,3.218000253646904,1.3792338344573993
2026-07-17T09:58:22.830+07:00,3600331357893,7.587707696,1784257102829670879,left,,,,,,3.090890530653252,0.32809077385143454,-0.5443061459629188,1.5464805443777363,-0.0717749858747606,1.3551260560798664
2026-07-17T09:58:22.844+07:00,3600345711839,7.602061642,1784257102844277945,right,,,,,,0.042270582539909035,2.6324136117381864,0.31314732183495325,-1.5673894520869838,3.217277556487385,1.3664338344573994
2026-07-17T09:58:22.907+07:00,3600408185255,7.664535058,1784257102893670830,left,,,,,,3.0922166121923436,0.3227238952546404,-0.551236033115641,1.545322176655309,-0.07027201326111103,1.3427945146369955
2026-07-17T09:58:22.909+07:00,3600410610565,7.666960368,1784257102909329948,right,,,,,,0.04122080092395456,2.6266572086869973,0.3045753368459926,-1.5686990451284815,3.2164645221829256,1.3520338344573994
2026-07-17T09:58:22.959+07:00,3600460837672,7.717187475,1784257102959297221,left,,,,,,3.093708453923821,0.316686156833247,-0.5590321561624533,1.5440190129675777,-0.06858116907075526,1.3289215305137658
2026-07-17T09:58:22.970+07:00,3600471860162,7.728209965,1784257102970484114,right,,,,,,0.04040430411154553,2.6221800063138496,0.29790823741013434,-1.5697176174940908,3.2158321621683474,1.3408338344573993
2026-07-17T09:58:23.021+07:00,3600522142049,7.778491852,1784257103020305700,left,,,,,,3.0948687752705264,0.3119901380610522,-0.5650958074210853,1.543005441210454,-0.06726606803381187,1.3181314317512536
2026-07-17T09:58:23.034+07:00,3600535507400,7.791857203,1784257103034106616,right,,,,,,0.03947116489736379,2.6170632036016808,0.29028869519772493,-1.570881700197644,3.2151094650088283,1.3280338344573994
2026-07-17T09:58:23.109+07:00,3600610171630,7.866521433,1784257103085881502,left,,,,,,3.096194856809618,0.30662325946425806,-0.5720256945738075,1.5418470734880265,-0.0657630954201623,1.3057998903083825
2026-07-17T09:58:23.109+07:00,3600610330830,7.866680633,1784257103103163379,right,,,,,,0.03842138328140932,2.6113068005504916,0.2817167102087644,-1.5721912932391418,3.2142964307043695,1.3136338344573997
2026-07-17T09:58:23.151+07:00,3600652329253,7.908679056,1784257103150865650,left,,,,,,3.0975209383487097,0.30125638086746387,-0.5789555817265295,1.5406887057655985,-0.06426012280651273,1.2934683488655117
2026-07-17T09:58:23.173+07:00,3600674474927,7.930824730,1784257103172973318,right,,,,,,0.037371601665454855,2.6055503974993015,0.2731447252198037,-1.5735008862806394,3.213483396399911,1.2992338344573997
2026-07-17T09:58:23.217+07:00,3600718955562,7.975305365,1784257103217087401,left,,,,,,3.0990127800801877,0.2952186424460705,-0.5867517047733418,1.539385542077868,-0.06256927861615696,1.279595364742282
2026-07-17T09:58:23.238+07:00,3600739139111,7.995488914,1784257103237621627,right,,,,,,0.036438462451273114,2.6004335947871327,0.2655251830073943,-1.5746649689841932,3.2127606992403916,1.2864338344573998
2026-07-17T09:58:23.307+07:00,3600808794774,8.065144577,1784257103283170204,left,,,,,,3.1003388616192797,0.2898517638492764,-0.593681591926064,1.5382271743554403,-0.06106630600250739,1.2672638232994111
2026-07-17T09:58:23.307+07:00,3600808937424,8.065287227,1784257103305145640,right,,,,,,0.03550532323709136,2.595316792074964,0.2579056407949849,-1.5758290516877465,3.2120380020808734,1.2736338344573999
2026-07-17T09:58:23.349+07:00,3600850100577,8.106450380,1784257103348492712,left,,,,,,3.1016649431583714,0.2844848852524823,-0.6006114790787861,1.5370688066330125,-0.0595633333888578,1.25493228185654
2026-07-17T09:58:23.372+07:00,3600873708977,8.130058780,1784257103372265237,right,,,,,,0.03457218402290962,2.5901999893627954,0.2502860985825755,-1.5769931343913,3.211315304921354,1.2608338344574
2026-07-17T09:58:23.414+07:00,3600915554175,8.171903978,1784257103414124967,left,,,,,,3.102991024697462,0.27911800665568814,-0.6075413662315082,1.535910438910585,-0.05806036077520823,1.2426007404136692
2026-07-17T09:58:23.439+07:00,3600939993556,8.196343359,1784257103438511358,right,,,,,,0.03352240240695515,2.5844435863116058,0.2417141135936149,-1.5783027274327976,3.2105022706168955,1.2464338344573997
2026-07-17T09:58:23.507+07:00,3601008237854,8.264587657,1784257103482518424,left,,,,,,3.1044828664289406,0.27308026823429477,-0.6153374892783207,1.534607275222854,-0.05636951658485246,1.2287277562904395
2026-07-17T09:58:23.507+07:00,3601008330736,8.264680539,1784257103503131300,right,,,,,,0.03258926319277341,2.5793267835994373,0.23409457138120549,-1.5794668101363512,3.2097795734573773,1.2336338344573998
2026-07-17T09:58:23.545+07:00,3601046430883,8.302780686,1784257103544795065,left,,,,,,3.105808947968032,0.26771338963750063,-0.6222673764310428,1.5334489075004265,-0.05486654397120289,1.2163962148475684
2026-07-17T09:58:23.575+07:00,3601075975879,8.332325682,1784257103574486050,right,,,,,,0.031539481576818934,2.5735703805482477,0.22552258639224484,-1.5807764031778484,3.208966539152918,1.2192338344573996
2026-07-17T09:58:23.613+07:00,3601114161101,8.370510904,1784257103612435544,left,,,,,,3.1071350295071234,0.26234651104070644,-0.6291972635837649,1.5322905397779993,-0.05336357135755332,1.2040646734046976
2026-07-17T09:58:23.639+07:00,3601140565766,8.396915569,1784257103638868872,right,,,,,,0.030608440055396032,2.568465080385575,0.21792017287647766,-1.5819378690287174,3.2082454666133655,1.2064626087998613
2026-07-17T09:58:23.718+07:00,3601219067284,8.475417087,1784257103683596788,left,,,,,,3.108536210180532,0.2566756934139809,-0.6365196066381336,1.5310665709514089,-0.051775481849610845,1.1910347676004742
2026-07-17T09:58:23.718+07:00,3601219213349,8.475563152,1784257103709647149,right,,,,,,0.02982347490843277,2.5641607796639927,0.21151054505068592,-1.582917105927762,3.2076375272261766,1.1956951330272991
2026-07-17T09:58:23.746+07:00,3601247298602,8.503648405,1784257103745643933,left,,,,,,3.1093049721600963,0.2535643823124194,-0.6405370321196254,1.5303950367831805,-0.05090417177731218,1.1838858706953925
2026-07-17T09:58:23.775+07:00,3601276080816,8.532430619,1784257103774570938,right,,,,,,0.029506463977993568,2.562422472706139,0.20892199435046185,-1.5833125741873242,3.20739200877032,1.1913466501343366
2026-07-17T09:58:23.808+07:00,3601309726852,8.566076655,1784257103808193542,left,,,,,,3.1095645188181353,0.2525139526345757,-0.6418933808795312,1.530168315829548,-0.05061000320057058,1.1814722858021387
2026-07-17T09:58:23.840+07:00,3601341839073,8.598188876,1784257103840310899,right,,,,,,0.029479948803782467,2.56227707862854,0.20870548486709606,-1.583345651626587,3.2073714733123784,1.1909829378128054
2026-07-17T09:58:23.908+07:00,3601409327888,8.665677691,1784257103882022109,left,,,,,,3.109564542770386,0.25251385569572443,-0.6418935060501099,1.5301682949066162,-0.05060997605323792,1.181472063064575
2026-07-17T09:58:23.908+07:00,3601409475734,8.665825537,1784257103905651157,right,,,,,,0.029479948803782467,2.56227707862854,0.20870548486709606,-1.583345651626587,3.2073714733123784,1.1909829378128054
2026-07-17T09:58:23.954+07:00,3601455009738,8.711359541,1784257103953532241,left,,,,,,3.109564542770386,0.25251385569572443,-0.6418935060501099,1.5301682949066162,-0.05060997605323792,1.181472063064575
2026-07-17T09:58:23.969+07:00,3601470878090,8.727227893,1784257103969501350,right,,,,,,0.029479948803782467,2.56227707862854,0.20870548486709606,-1.583345651626587,3.2073714733123784,1.1909829378128054
2026-07-17T09:58:24.022+07:00,3601523035537,8.779385340,1784257104021235424,left,,,,,,3.109564542770386,0.25251385569572443,-0.6418935060501099,1.5301682949066162,-0.05060997605323792,1.181472063064575
2026-07-17T09:58:24.036+07:00,3601537310408,8.793660211,1784257104035990597,right,,,,,,0.029479948803782467,2.56227707862854,0.20870548486709606,-1.583345651626587,3.2073714733123784,1.1909829378128054
2026-07-17T09:58:24.107+07:00,3601608732694,8.865082497,1784257104089617464,left,,,,,,3.109564542770386,0.25251385569572443,-0.6418935060501099,1.5301682949066162,-0.05060997605323792,1.181472063064575
2026-07-17T09:58:24.107+07:00,3601608818661,8.865168464,1784257104102632005,right,,,,,,0.029479948803782467,2.56227707862854,0.20870548486709606,-1.583345651626587,3.2073714733123784,1.1909829378128054
2026-07-17T09:58:24.157+07:00,3601658327913,8.914677716,1784257104156808940,left,,,,,,3.109564542770386,0.25251385569572443,-0.6418935060501099,1.5301682949066162,-0.05060997605323792,1.181472063064575
2026-07-17T09:58:24.166+07:00,3601667907336,8.924257139,1784257104166470003,right,,,,,,0.029479948803782467,2.56227707862854,0.20870548486709606,-1.583345651626587,3.2073714733123784,1.1909829378128054
2026-07-17T09:58:24.223+07:00,3601724300431,8.980650234,1784257104222471072,left,,,,,,3.109564542770386,0.25251385569572443,-0.6418935060501099,1.5301682949066162,-0.05060997605323792,1.181472063064575
2026-07-17T09:58:24.232+07:00,3601733422981,8.989772784,1784257104232079520,right,,,,,,0.029479948803782467,2.56227707862854,0.20870548486709606,-1.583345651626587,3.2073714733123784,1.1909829378128054
2026-07-17T09:58:24.308+07:00,3601809952962,9.066302765,1784257104285426416,left,,,,,,3.109564542770386,0.25251385569572443,-0.6418935060501099,1.5301682949066162,-0.05060997605323792,1.181472063064575
2026-07-17T09:58:24.309+07:00,3601810061624,9.066411427,1784257104306610008,right,,,,,,0.029479948803782467,2.56227707862854,0.20870548486709606,-1.583345651626587,3.2073714733123784,1.1909829378128054
2026-07-17T09:58:24.351+07:00,3601852516787,9.108866590,1784257104350710303,left,,,,,,3.109564542770386,0.25251385569572443,-0.6418935060501099,1.5301682949066162,-0.05060997605323792,1.181472063064575
2026-07-17T09:58:24.370+07:00,3601871243267,9.127593070,1784257104369783605,right,,,,,,0.029479948803782467,2.56227707862854,0.20870548486709606,-1.583345651626587,3.2073714733123784,1.1909829378128054
2026-07-17T09:58:24.417+07:00,3601918753610,9.175103413,1784257104416931702,left,,,,,,3.109564542770386,0.25251385569572443,-0.6418935060501099,1.5301682949066162,-0.05060997605323792,1.181472063064575
2026-07-17T09:58:24.432+07:00,3601933336521,9.189686324,1784257104432065485,right,,,,,,0.029479948803782467,2.56227707862854,0.20870548486709606,-1.583345651626587,3.2073714733123784,1.1909829378128054
2026-07-17T09:58:24.507+07:00,3602008959713,9.265309516,1784257104483641265,left,,,,,,3.109564542770386,0.25251385569572443,-0.6418935060501099,1.5301682949066162,-0.05060997605323792,1.181472063064575
2026-07-17T09:58:24.508+07:00,3602009062483,9.265412286,1784257104503097320,right,,,,,,0.029479948803782467,2.56227707862854,0.20870548486709606,-1.583345651626587,3.2073714733123784,1.1909829378128054
2026-07-17T09:58:24.545+07:00,3602046698554,9.303048357,1784257104545111958,left,,,,,,3.109564542770386,0.25251385569572443,-0.6418935060501099,1.5301682949066162,-0.05060997605323792,1.181472063064575
2026-07-17T09:58:24.574+07:00,3602075030949,9.331380752,1784257104573536638,right,,,,,,0.029479948803782467,2.56227707862854,0.20870548486709606,-1.583345651626587,3.2073714733123784,1.1909829378128054
2026-07-17T09:58:24.615+07:00,3602116715565,9.373065368,1784257104615071863,left,,,,,,3.109564542770386,0.25251385569572443,-0.6418935060501099,1.5301682949066162,-0.05060997605323792,1.181472063064575
2026-07-17T09:58:24.638+07:00,3602139421793,9.395771596,1784257104637869231,right,,,,,,0.029479948803782467,2.56227707862854,0.20870548486709606,-1.583345651626587,3.2073714733123784,1.1909829378128054
2026-07-17T09:58:24.708+07:00,3602209336426,9.465686229,1784257104683864278,left,,,,,,3.109564542770386,0.25251385569572443,-0.6418935060501099,1.5301682949066162,-0.05060997605323792,1.181472063064575
2026-07-17T09:58:24.708+07:00,3602209426541,9.465776344,1784257104705624184,right,,,,,,0.029479948803782467,2.56227707862854,0.20870548486709606,-1.583345651626587,3.2073714733123784,1.1909829378128054
2026-07-17T09:58:24.749+07:00,3602250340566,9.506690369,1784257104748922989,left,,,,,,3.109564542770386,0.25251385569572443,-0.6418935060501099,1.5301682949066162,-0.05060997605323792,1.181472063064575
2026-07-17T09:58:24.770+07:00,3602270989877,9.527339680,1784257104769475434,right,,,,,,0.029479948803782467,2.56227707862854,0.20870548486709606,-1.583345651626587,3.2073714733123784,1.1909829378128054
2026-07-17T09:58:24.810+07:00,3602311934270,9.568284073,1784257104810455404,left,,,,,,3.109564542770386,0.25251385569572443,-0.6418935060501099,1.5301682949066162,-0.05060997605323792,1.181472063064575
2026-07-17T09:58:24.836+07:00,3602337917529,9.594267332,1784257104836422005,right,,,,,,0.029479948803782467,2.56227707862854,0.20870548486709606,-1.583345651626587,3.2073714733123784,1.1909829378128054
2026-07-17T09:58:24.906+07:00,3602407819708,9.664169511,1784257104880898081,left,,,,,,3.109564542770386,0.25251385569572443,-0.6418935060501099,1.5301682949066162,-0.05060997605323792,1.181472063064575
2026-07-17T09:58:24.906+07:00,3602407911024,9.664260827,1784257104902264682,right,,,,,,0.029479948803782467,2.56227707862854,0.20870548486709606,-1.583345651626587,3.2073714733123784,1.1909829378128054
2026-07-17T09:58:24.946+07:00,3602447543613,9.703893416,1784257104946006251,left,,,,,,3.109564542770386,0.25251385569572443,-0.6418935060501099,1.5301682949066162,-0.05060997605323792,1.181472063064575
2026-07-17T09:58:24.966+07:00,3602467966844,9.724316647,1784257104966487396,right,,,,,,0.029479948803782467,2.56227707862854,0.20870548486709606,-1.583345651626587,3.2073714733123784,1.1909829378128054
2026-07-17T09:58:25.007+07:00,3602508116333,9.764466136,1784257105006596044,left,,,,,,3.109564542770386,0.25251385569572443,-0.6418935060501099,1.5301682949066162,-0.05060997605323792,1.181472063064575
2026-07-17T09:58:25.035+07:00,3602536855915,9.793205718,1784257105035337687,right,,,,,,0.029479948803782467,2.56227707862854,0.20870548486709606,-1.583345651626587,3.2073714733123784,1.1909829378128054
2026-07-17T09:58:25.117+07:00,3602618765717,9.875115520,1784257105067070740,left,,,,,,3.109564542770386,0.25251385569572443,-0.6418935060501099,1.5301682949066162,-0.05060997605323792,1.181472063064575
2026-07-17T09:58:25.117+07:00,3602618856372,9.875206175,1784257105115509701,right,,,,,,0.029479948803782467,2.56227707862854,0.20870548486709606,-1.583345651626587,3.2073714733123784,1.1909829378128054
2026-07-17T09:58:25.129+07:00,3602630109706,9.886459509,1784257105128740952,left,,,,,,3.109564542770386,0.25251385569572443,-0.6418935060501099,1.5301682949066162,-0.05060997605323792,1.181472063064575
2026-07-17T09:58:25.182+07:00,3602683487595,9.939837398,1784257105181803797,right,,,,,,0.029479948803782467,2.56227707862854,0.20870548486709606,-1.583345651626587,3.2073714733123784,1.1909829378128054
2026-07-17T09:58:25.195+07:00,3602696528484,9.952878287,1784257105195137776,left,,,,,,3.109564542770386,0.25251385569572443,-0.6418935060501099,1.5301682949066162,-0.05060997605323792,1.181472063064575
2026-07-17T09:58:25.247+07:00,3602748732629,10.005082432,1784257105246916259,right,,,,,,0.029479948803782467,2.56227707862854,0.20870548486709606,-1.583345651626587,3.2073714733123784,1.1909829378128054
2026-07-17T09:58:25.260+07:00,3602761235767,10.017585570,1784257105259863190,left,,,,,,3.109564542770386,0.25251385569572443,-0.6418935060501099,1.5301682949066162,-0.05060997605323792,1.181472063064575
2026-07-17T09:58:25.319+07:00,3602820424706,10.076774509,1784257105318943031,right,,,,,,0.029479948803782467,2.56227707862854,0.20870548486709606,-1.583345651626587,3.2073714733123784,1.1909829378128054
2026-07-17T09:58:25.322+07:00,3602823434076,10.079783879,1784257105322187183,left,,,,,,3.109564542770386,0.25251385569572443,-0.6418935060501099,1.5301682949066162,-0.05060997605323792,1.181472063064575
2026-07-17T09:58:25.385+07:00,3602886421418,10.142771221,1784257105384522548,right,,,,,,0.029479948803782467,2.56227707862854,0.20870548486709606,-1.583345651626587,3.2073714733123784,1.1909829378128054
2026-07-17T09:58:25.389+07:00,3602890944398,10.147294201,1784257105389331765,left,,,,,,3.109564542770386,0.25251385569572443,-0.6418935060501099,1.5301682949066162,-0.05060997605323792,1.181472063064575
2026-07-17T09:58:25.450+07:00,3602951101447,10.207451250,1784257105449353318,right,,,,,,0.029479948803782467,2.56227707862854,0.20870548486709606,-1.583345651626587,3.2073714733123784,1.1909829378128054
2026-07-17T09:58:25.454+07:00,3602955700300,10.212050103,1784257105454323942,left,,,,,,3.109564542770386,0.25251385569572443,-0.6418935060501099,1.5301682949066162,-0.05060997605323792,1.181472063064575
2026-07-17T09:58:25.514+07:00,3603015281118,10.271630921,1784257105513729682,right,,,,,,0.029479948803782467,2.56227707862854,0.20870548486709606,-1.583345651626587,3.2073714733123784,1.1909829378128054
2026-07-17T09:58:25.516+07:00,3603016983721,10.273333524,1784257105515667973,left,,,,,,3.109564542770386,0.25251385569572443,-0.6418935060501099,1.5301682949066162,-0.05060997605323792,1.181472063064575
2026-07-17T09:58:25.579+07:00,3603080266018,10.336615821,1784257105578622168,right,,,,,,0.029479948803782467,2.56227707862854,0.20870548486709606,-1.583345651626587,3.2073714733123784,1.1909829378128054
2026-07-17T09:58:25.596+07:00,3603096976387,10.353326190,1784257105595458513,left,,,,,,3.109564542770386,0.25251385569572443,-0.6418935060501099,1.5301682949066162,-0.05060997605323792,1.181472063064575
2026-07-17T09:58:25.644+07:00,3603145041179,10.401390982,1784257105643226411,right,,,,,,0.029479948803782467,2.56227707862854,0.20870548486709606,-1.583345651626587,3.2073714733123784,1.1909829378128054
2026-07-17T09:58:25.739+07:00,3603240378046,10.496727849,1784257105663569063,left,,,,,,3.109564542770386,0.25251385569572443,-0.6418935060501099,1.5301682949066162,-0.05060997605323792,1.181472063064575
2026-07-17T09:58:25.739+07:00,3603240595963,10.496945766,1784257105704923900,right,,,,,,0.029479948803782467,2.56227707862854,0.20870548486709606,-1.583345651626587,3.2073714733123784,1.1909829378128054
2026-07-17T09:58:25.749+07:00,3603250164652,10.506514455,1784257105748682067,left,,,,,,3.109564542770386,0.25251385569572443,-0.6418935060501099,1.5301682949066162,-0.05060997605323792,1.181472063064575
2026-07-17T09:58:25.773+07:00,3603274791142,10.531140945,1784257105773434903,right,,,,,,0.029479948803782467,2.56227707862854,0.20870548486709606,-1.583345651626587,3.2073714733123784,1.1909829378128054
2026-07-17T09:58:25.813+07:00,3603314687205,10.571037008,1784257105813285165,left,,,,,,3.109564542770386,0.25251385569572443,-0.6418935060501099,1.5301682949066162,-0.05060997605323792,1.181472063064575
2026-07-17T09:58:25.837+07:00,3603338940198,10.595290001,1784257105837624751,right,,,,,,0.029479948803782467,2.56227707862854,0.20870548486709606,-1.583345651626587,3.2073714733123784,1.1909829378128054
2026-07-17T09:58:25.908+07:00,3603409236556,10.665586359,1784257105896418967,left,,,,,,3.109564542770386,0.25251385569572443,-0.6418935060501099,1.5301682949066162,-0.05060997605323792,1.181472063064575
2026-07-17T09:58:25.908+07:00,3603409402296,10.665752099,1784257105902303723,right,,,,,,0.029479948803782467,2.56227707862854,0.20870548486709606,-1.583345651626587,3.2073714733123784,1.1909829378128054
2026-07-17T09:58:25.960+07:00,3603461148326,10.717498129,1784257105959778219,left,,,,,,3.109500890855197,0.2527714658736832,-0.6415608714599194,1.5302238965584394,-0.050682118740180894,1.18206397706604
2026-07-17T09:58:25.982+07:00,3603483451873,10.739801676,1784257105982176473,right,,,,,,0.029659111540024652,2.5632595047883147,0.21016843703001117,-1.5831221477386233,3.20751023117252,1.1934405379104616
2026-07-17T09:58:26.027+07:00,3603528216638,10.784566441,1784257106026691763,left,,,,,,3.1089916755336846,0.2548323472973537,-0.6388997947383945,1.5306687097730247,-0.05125926023572472,1.1867992890777588
2026-07-17T09:58:26.046+07:00,3603547038324,10.803388127,1784257106045647963,right,,,,,,0.030196599748751198,2.5662067832676385,0.2145572935187565,-1.582451636074733,3.2079265047529435,1.2008133382034303
2026-07-17T09:58:26.107+07:00,3603608243886,10.864593689,1784257106089212116,left,,,,,,3.107973244890659,0.2589541101446947,-0.6335776412953453,1.531558336202196,-0.052413543226812354,1.1962699131011962
2026-07-17T09:58:26.113+07:00,3603614911365,10.871261168,1784257106113506916,right,,,,,,0.03106395266657631,2.570962851488634,0.2216396581541556,-1.5813696211790216,3.208598251776846,1.2127109384536743
2026-07-17T09:58:26.152+07:00,3603653309078,10.909658881,1784257106151708822,left,,,,,,3.1066504784768583,0.2643075718629282,-0.6266650784499818,1.5327138080739384,-0.053912758497963204,1.2085706264209748
2026-07-17T09:58:26.177+07:00,3603678835223,10.935185026,1784257106177508264,right,,,,,,0.031997091880758055,2.5760796542008024,0.22925920036656502,-1.5802055384754683,3.209320948936364,1.2255109384536744
2026-07-17T09:58:26.213+07:00,3603714370911,10.970720714,1784257106213074580,left,,,,,,3.1054901570583655,0.26900359092566084,-0.6206014268161982,1.5337273798937712,-0.055227859616270504,1.2193607258510588
2026-07-17T09:58:26.243+07:00,3603744485029,11.000834832,1784257106243119964,right,,,,,,0.03293023109493981,2.581196456912971,0.23687874257897445,-1.5790414557719148,3.2100436460958837,1.2383109384536743
2026-07-17T09:58:26.307+07:00,3603808173292,11.064523095,1784257106281081100,left,,,,,,3.103998315234589,0.27504132972060286,-0.6128053032870477,1.5350305436621277,-0.056918703911237045,1.2332337108325955
2026-07-17T09:58:26.309+07:00,3603810202653,11.066552456,1784257106308837965,right,,,,,,0.03398001271089428,2.586952859964161,0.24545072756793512,-1.577731862730417,3.210856680400342,1.2527109384536745
2026-07-17T09:58:26.352+07:00,3603852979963,11.109329766,1784257106351367104,left,,,,,,3.1025064734108123,0.2810790685155448,-0.6050091797578973,1.5363337074304841,-0.058609548206203586,1.2471066958141326
2026-07-17T09:58:26.373+07:00,3603874760226,11.131110029,1784257106373299827,right,,,,,,0.03491315192507603,2.5920696626763298,0.2530702697803445,-1.5765677800268636,3.2115793775598602,1.2655109384536742
2026-07-17T09:58:26.413+07:00,3603914847366,11.171197169,1784257106413276856,left,,,,,,3.1013461519923187,0.28577508757827746,-0.5989455281241136,1.5373472792503167,-0.0599246493245109,1.2578967952442168
2026-07-17T09:58:26.436+07:00,3603937218244,11.193568047,1784257106435810820,right,,,,,,0.03572964873748506,2.596546865049477,0.25973736921620283,-1.5755492076612543,3.21221173757444,1.2767109384536743
2026-07-17T09:58:26.510+07:00,3604011770988,11.268120791,1784257106510470327,left,,,,,,3.0991912693579753,0.29449626583763816,-0.5876844608042296,1.5392296269157204,-0.0623669799727959,1.277935551328659
2026-07-17T09:58:26.531+07:00,3604032741631,11.289091434,1784257106531403210,right,,,,,,0.03712935755875768,2.60422206911773,0.2711666825348169,-1.573803083605924,3.2132957833137183,1.2959109384536744
2026-07-17T09:58:26.574+07:00,3604075300160,11.331649963,1784257106573684870,left,,,,,,3.09786518773684,0.29986314476647546,-0.5807545732227627,1.5403879947098151,-0.06386995267943282,1.2902670935344698
2026-07-17T09:58:26.592+07:00,3604093890879,11.350240682,1784257106592445793,right,,,,,,0.03806249677293943,2.6093388718298987,0.27878622474722636,-1.5726390009023705,3.214018480473237,1.3087109384536744
2026-07-17T09:58:26.638+07:00,3604139247946,11.395597749,1784257106637791229,left,,,,,,3.096539106115705,0.30523002369531277,-0.5738246856412956,1.5415463625039094,-0.06537292538606976,1.3025986357402801
2026-07-17T09:58:26.716+07:00,3604217864883,11.474214686,1784257106698192520,left,,,,,,3.0953787846972123,0.3099260427580454,-0.567761034007512,1.5425599343237422,-0.06668802650437707,1.3133887351703646
2026-07-17T09:58:26.717+07:00,3604218028653,11.474378456,1784257106667084941,right,,,,,,0.03911227838889389,2.615095274881088,0.2873582097361869,-1.5713294078608728,3.2148315147776954,1.3231109384536741
2026-07-17T09:58:26.732+07:00,3604232986033,11.489335836,1784257106731641356,right,,,,,,0.040045417603075645,2.6202120775932567,0.2949777519485964,-1.5701653251573193,3.215554211937214,1.3359109384536745
2026-07-17T09:58:26.765+07:00,3604266442030,11.522791833,1784257106764987505,left,,,,,,3.0940527030760774,0.3152929216868827,-0.5608311464260449,1.543718302117837,-0.06819099921101399,1.3257202773761751
2026-07-17T09:58:26.798+07:00,3604299650905,11.556000708,1784257106798287785,right,,,,,,0.041095199219030105,2.6259684806444468,0.303549736937557,-1.568855732115822,3.2163672462416737,1.3503109384536742
2026-07-17T09:58:26.830+07:00,3604331727980,11.588077783,1784257106830255801,left,,,,,,3.0925608612523003,0.3213306604818247,-0.5530350228968947,1.545021465886193,-0.0698818435059805,1.3395932623577118
2026-07-17T09:58:26.861+07:00,3604362187446,11.618537249,1784257106860773031,right,,,,,,0.042028338433211854,2.6310852833566156,0.3111692791499664,-1.5676916494122686,3.217089943401192,1.3631109384536741
2026-07-17T09:58:26.910+07:00,3604410971667,11.667321470,1784257106909458413,left,,,,,,3.090903259225882,0.32803925914287124,-0.544372663420061,1.5464694256288112,-0.07176055938927664,1.3550076901149748
2026-07-17T09:58:26.929+07:00,3604430073902,11.686423705,1784257106928582440,right,,,,,,0.0429614776473936,2.636202086068784,0.31878882136237585,-1.566527566708715,3.2178126405607106,1.3759109384536743
2026-07-17T09:58:26.993+07:00,3604494227771,11.750577574,1784257106992707730,right,,,,,,0.04389461686157535,2.6413188887809524,0.32640836357478525,-1.5653634840051616,3.2185353377202293,1.388710938453674
2026-07-17T09:58:27.005+07:00,3604506910702,11.763260505,1784257107005667632,left,,,,,,3.0889141367941795,0.3360895775361271,-0.5339778320478605,1.548206977319953,-0.07401501844923201,1.3735050034236904
2026-07-17T09:58:27.054+07:00,3604555851143,11.812200946,1784257107054366153,right,,,,,,0.0448277560757571,2.646435691493121,0.3340279057871947,-1.564199401301608,3.2192580348797484,1.4015109384536741
2026-07-17T09:58:27.106+07:00,3604607673811,11.864023614,1784257107081549809,left,,,,,,3.087422294970403,0.3421273163310691,-0.5261817085187102,1.5495101410883092,-0.07570586274419853,1.3873779884052273
2026-07-17T09:58:27.119+07:00,3604620246438,11.876596241,1784257107119011630,right,,,,,,0.04576089528993884,2.6515524942052897,0.3416474479996041,-1.5630353185980546,3.219980732039267,1.414310938453674
2026-07-17T09:58:27.147+07:00,3604648255279,11.904605082,1784257107146850293,left,,,,,,3.086096213349268,0.3474941952599063,-0.5192518209372433,1.550668508882404,-0.07720883545083544,1.3997095306110376
2026-07-17T09:58:27.183+07:00,3604684707816,11.941057619,1784257107183323124,right,,,,,,0.04669403450412059,2.6566692969174586,0.34926699021201346,-1.561871235894501,3.2207034291987857,1.427110938453674
2026-07-17T09:58:27.212+07:00,3604713460962,11.969810765,1784257107211980617,left,,,,,,3.0847701317281335,0.35286107418874363,-0.5123219333557762,1.5518268766764984,-0.07871180815747235,1.4120410728168482
2026-07-17T09:58:27.262+07:00,3604763203033,12.019552836,1784257107261679200,right,,,,,,0.047860458521847775,2.6630653003076694,0.35879141797752523,-1.5604161325150592,3.221606800648184,1.443110938453674
2026-07-17T09:58:27.307+07:00,3604808092305,12.064442108,1784257107280829759,left,,,,,,3.083278289904356,0.3588988129836856,-0.504525809826626,1.553130040444855,-0.08040265245243887,1.425914057798385
2026-07-17T09:58:27.326+07:00,3604827892283,12.084242086,1784257107326458540,right,,,,,,0.048793597736029516,2.668182103019838,0.36641096018993463,-1.559252049811506,3.2223294978077037,1.4559109384536741
2026-07-17T09:58:27.347+07:00,3604848104538,12.104454341,1784257107346806398,left,,,,,,3.0819522082832216,0.36426569191252284,-0.497595922245159,1.5542884082389492,-0.08190562515907578,1.4382456000041954
2026-07-17T09:58:27.390+07:00,3604891882880,12.148232683,1784257107390466986,right,,,,,,0.049726736950211264,2.6732989057320062,0.37403050240234403,-1.5580879671079522,3.223052194967222,1.468710938453674
2026-07-17T09:58:27.431+07:00,3604932190574,12.188540377,1784257107430656796,left,,,,,,3.0801288460541607,0.371645150439674,-0.4880673268206418,1.5558811639558292,-0.08397221263070152,1.4552014705371845
2026-07-17T09:58:27.455+07:00,3604956108448,12.212458251,1784257107454796938,right,,,,,,0.050659876164393006,2.678415708444175,0.38165004461475355,-1.5569238844043987,3.2237748921267406,1.4815109384536738
2026-07-17T09:58:27.508+07:00,3605009277621,12.265627424,1784257107497334316,left,,,,,,3.0788027644330263,0.37701202936851125,-0.48113743923917496,1.557039531749924,-0.08547518533733844,1.4675330127429953
2026-07-17T09:58:27.516+07:00,3605017938441,12.274288244,1784257107516580756,right,,,,,,0.05159301537857476,2.6835325111563435,0.38926958682716295,-1.5557598017008454,3.22449758928626,1.494310938453674
2026-07-17T09:58:27.560+07:00,3605061088920,12.317438723,1784257107559561693,left,,,,,,3.077476682811892,0.3823789082973486,-0.474207551657708,1.5581978995440184,-0.08697815804397535,1.4798645549488056
2026-07-17T09:58:27.581+07:00,3605082050303,12.338400106,1784257107580827570,right,,,,,,0.05252615459275651,2.6886493138685124,0.39688912903957235,-1.5545957189972919,3.2252202864457793,1.5071109384536738
2026-07-17T09:58:27.622+07:00,3605123444926,12.379794729,1784257107622090189,left,,,,,,3.0761506011907565,0.38774578722618586,-0.46727766407624105,1.5593562673381132,-0.08848113075061226,1.4921960971546162
2026-07-17T09:58:27.645+07:00,3605146467825,12.402817628,1784257107645088064,right,,,,,,0.05345929380693825,2.6937661165806808,0.40450867125198187,-1.5534316362937384,3.225942983605298,1.5199109384536738
2026-07-17T09:58:27.716+07:00,3605217732176,12.474081979,1784257107693168699,left,,,,,,3.074824519569622,0.3931126661550231,-0.46034777649477404,1.5605146351322075,-0.08998410345724915,1.5045276393604265
2026-07-17T09:58:27.716+07:00,3605217834400,12.474184203,1784257107712961213,right,,,,,,0.054392433021120005,2.698882919292849,0.41212821346439127,-1.5522675535901846,3.2266656807648166,1.532710938453674
2026-07-17T09:58:27.755+07:00,3605256493032,12.512842835,1784257107755117999,left,,,,,,3.0734984379484867,0.3984795450838604,-0.45341788891330714,1.5616730029263017,-0.0914870761638861,1.516859181566237
2026-07-17T09:58:27.777+07:00,3605278605104,12.534954907,1784257107777270141,right,,,,,,0.05532557223530175,2.703999722005018,0.4197477556768006,-1.5511034708866314,3.2273883779243357,1.5455109384536738
2026-07-17T09:58:27.816+07:00,3605317431585,12.573781388,1784257107816069521,left,,,,,,3.072172356327352,0.40384642401269766,-0.44648800133184013,1.5628313707203967,-0.092990048870523,1.5291907237720475
2026-07-17T09:58:27.842+07:00,3605343920563,12.600270366,1784257107842486409,right,,,,,,0.056258711449483495,2.7091165247171864,0.42736729788921,-1.5499393881830779,3.2281110750838544,1.5583109384536735
2026-07-17T09:58:27.907+07:00,3605408777395,12.665127198,1784257107881471019,left,,,,,,3.070846274706217,0.4092133029415349,-0.4395581137503732,1.563989738514491,-0.09449302157715991,1.5415222659778578
2026-07-17T09:58:27.909+07:00,3605409969540,12.666319343,1784257107908676914,right,,,,,,0.057308493065437956,2.7148729277683765,0.43593928287817063,-1.5486297951415802,3.2289241093883123,1.5727109384536737
2026-07-17T09:58:27.946+07:00,3605447711633,12.704061436,1784257107946322895,left,,,,,,3.0695201930850824,0.41458018187037227,-0.4326282261689063,1.5651481063085855,-0.0959959942837968,1.5538538081836686
2026-07-17T09:58:27.975+07:00,3605476551678,12.732901481,1784257107975241348,right,,,,,,0.058241632279619704,2.719989730480545,0.44355882509058003,-1.5474657124380267,3.229646806547832,1.5855109384536736
2026-07-17T09:58:28.013+07:00,3605514134257,12.770484060,1784257108012643649,left,,,,,,3.068194111463948,0.4199470607992095,-0.4256983385874393,1.5663064741026802,-0.09749896699043373,1.5661853503894787
2026-07-17T09:58:28.039+07:00,3605540534596,12.796884399,1784257108039214329,right,,,,,,0.05917477149380146,2.725106533192714,0.45117836730298944,-1.5463016297344732,3.230369503707351,1.5983109384536738
2026-07-17T09:58:28.107+07:00,3605608372965,12.864722768,1784257108080460712,left,,,,,,3.066702269640171,0.4259847995941515,-0.41790221505828895,1.5676096378710365,-0.09918981128540025,1.5800583353710156
2026-07-17T09:58:28.107+07:00,3605608470981,12.864820784,1784257108103095090,right,,,,,,0.0601079107079832,2.730223335904882,0.4587979095153989,-1.5451375470309197,3.2310922008668697,1.6111109384536737
2026-07-17T09:58:28.145+07:00,3605646359260,12.902709063,1784257108144872984,left,,,,,,3.065376188019036,0.4313516785229886,-0.410972327476822,1.5687680056651307,-0.10069278399203715,1.592389877576826
2026-07-17T09:58:28.172+07:00,3605673341687,12.929691490,1784257108171908756,right,,,,,,0.061157692323937675,2.735979738956072,0.46736989450435945,-1.543827953989422,3.231905235171328,1.6255109384536737
2026-07-17T09:58:28.206+07:00,3605707382041,12.963731844,1784257108206091143,left,,,,,,3.0640501063979007,0.4367185574518259,-0.40404243989535504,1.5699263734592253,-0.10219575669867406,1.6047214197826365
2026-07-17T09:58:28.233+07:00,3605734536303,12.990886106,1784257108233101855,right,,,,,,0.061974189136346704,2.74045694132922,0.47403699394021775,-1.542809381623813,3.2325375951859074,1.6367109384536738
2026-07-17T09:58:28.307+07:00,3605808726379,13.065076182,1784257108281236717,left,,,,,,3.062558264574124,0.44275629624676793,-0.39624631636620467,1.571229537227582,-0.1038866009936406,1.6185944047641732
2026-07-17T09:58:28.307+07:00,3605808848957,13.065198760,1784257108301887515,right,,,,,,0.06302397075230116,2.746213344380409,0.48260897892917837,-1.5414997885823154,3.233350629490366,1.6511109384536735
2026-07-17T09:58:28.348+07:00,3605849860122,13.106209925,1784257108348282572,left,,,,,,3.0612321829529896,0.4481231751756051,-0.38931642878473766,1.5723879050216762,-0.10538957370027749,1.6309259469699835
2026-07-17T09:58:28.364+07:00,3605865848239,13.122198042,1784257108364527359,right,,,,,,0.0639571099664829,2.751330147092578,0.4902285211415877,-1.540335705878762,3.2340733266498845,1.6639109384536734
2026-07-17T09:58:28.427+07:00,3605928293799,13.184643602,1784257108426968923,right,,,,,,0.06477360677889193,2.755807349465725,0.496895620577446,-1.5393171335131521,3.234705686664463,1.6751109384536735
2026-07-17T09:58:28.433+07:00,3605934029393,13.190379196,1784257108432801315,left,,,,,,3.059408820723929,0.4555026337027563,-0.3797878333602206,1.5739806607385562,-0.10745616117190325,1.6478818175029732
2026-07-17T09:58:28.507+07:00,3606008643410,13.264993213,1784257108504098821,right,,,,,,0.06594003079661911,2.762203352855936,0.5064200483429578,-1.5378620301337107,3.235609058113862,1.6911109384536733
2026-07-17T09:58:28.514+07:00,3606015221034,13.271570837,1784257108513806425,left,,,,,,3.0577512186975104,0.46221123236380296,-0.37112547388338696,1.5754286204811743,-0.10933487705519938,1.663296245260236
2026-07-17T09:58:28.571+07:00,3606072211080,13.328560883,1784257108570617211,right,,,,,,0.06687317001080086,2.767320155568105,0.5140395905553672,-1.5366979474301572,3.236331755273381,1.703910938453673
2026-07-17T09:58:28.577+07:00,3606077985396,13.334335199,1784257108576606434,left,,,,,,3.056425137076375,0.4675781112926402,-0.36419558630192,1.576586988275269,-0.1108378497618363,1.6756277874660466
2026-07-17T09:58:28.632+07:00,3606133231836,13.389581639,1784257108631652068,right,,,,,,0.06780630922498262,2.7724369582802737,0.5216591327677766,-1.5355338647266037,3.2370544524328997,1.7167109384536736
2026-07-17T09:58:28.638+07:00,3606139826415,13.396176218,1784257108638447596,left,,,,,,3.0550990554552406,0.47294499022147757,-0.357265698720453,1.5777453560693635,-0.11234082246847321,1.687959329671857
2026-07-17T09:58:28.707+07:00,3606208284409,13.464634212,1784257108701666867,right,,,,,,0.06885609084093708,2.778193361331463,0.5302311177567373,-1.534224271685106,3.2378674867373585,1.7311109384536731
2026-07-17T09:58:28.707+07:00,3606208590278,13.464940081,1784257108707218949,left,,,,,,3.0537729738341057,0.4783118691503147,-0.3503358111389861,1.5789037238634582,-0.11384379517511013,1.7002908718776675
2026-07-17T09:58:28.770+07:00,3606271140469,13.527490272,1784257108769503714,left,,,,,,3.0524468922129713,0.483678748079152,-0.34340592355751914,1.5800620916575525,-0.11534676788174701,1.7126224140834778
2026-07-17T09:58:28.782+07:00,3606283632956,13.539982759,1784257108782363986,right,,,,,,0.07002251485866426,2.7845893647216737,0.539755545522249,-1.5327691683056641,3.238770858186757,1.7471109384536732
2026-07-17T09:58:28.836+07:00,3606337282992,13.593632795,1784257108835558246,left,,,,,,3.051120810591836,0.4890456270079893,-0.3364760359760522,1.581220459451647,-0.11684974058838395,1.7249539562892882
2026-07-17T09:58:28.847+07:00,3606348081575,13.604431378,1784257108846730404,right,,,,,,0.07095565407284601,2.7897061674338426,0.5473750877346585,-1.5316050856021108,3.2394935553462765,1.7599109384536733
2026-07-17T09:58:28.907+07:00,3606408092144,13.664441947,1784257108898646558,left,,,,,,3.049794728970701,0.49441250593682656,-0.3295461483945852,1.5823788272457417,-0.11835271329502087,1.737285498495099
2026-07-17T09:58:28.911+07:00,3606412939494,13.669289297,1784257108911605508,right,,,,,,0.07188879328702777,2.794822970146011,0.5549946299470678,-1.5304410028985571,3.240216252505795,1.7727109384536732
2026-07-17T09:58:28.966+07:00,3606467681053,13.724030856,1784257108966207753,left,,,,,,3.0483028871469244,0.5004502447317686,-0.3217500248654349,1.583681991014098,-0.12004355758998737,1.7511584834766356
2026-07-17T09:58:28.977+07:00,3606478269792,13.734619595,1784257108976827397,right,,,,,,0.07282193250120951,2.7999397728581794,0.5626141721594772,-1.5292769201950036,3.2409389496653134,1.785510938453673
2026-07-17T09:58:29.030+07:00,3606531104634,13.787454437,1784257109029323257,left,,,,,,3.04697680552579,0.5058171236606058,-0.31482013728396785,1.5848403588081923,-0.1215465302966243,1.763490025682446
2026-07-17T09:58:29.037+07:00,3606538317823,13.794667626,1784257109036884604,right,,,,,,0.07375507171539125,2.8050565755703483,0.5702337143718866,-1.5281128374914503,3.241661646824832,1.7983109384536733
2026-07-17T09:58:29.107+07:00,3606608473408,13.864823211,1784257109094602133,left,,,,,,3.0456507239046546,0.5111840025894431,-0.3078902497025009,1.585998726602287,-0.12304950300326119,1.7758215678882565
2026-07-17T09:58:29.107+07:00,3606608565864,13.864915667,1784257109102027808,right,,,,,,0.07468821092957299,2.8101733782825167,0.577853256584296,-1.5269487547878968,3.242384343984351,1.811110938453673
2026-07-17T09:58:29.158+07:00,3606659150799,13.915500602,1784257109157458572,left,,,,,,3.0443246422835197,0.5165508815182803,-0.30096036212103394,1.5871570943963815,-0.12455247570989811,1.7881531100940669
2026-07-17T09:58:29.165+07:00,3606666660487,13.923010290,1784257109165290885,right,,,,,,0.07562135014375475,2.8152901809946855,0.5854727987967056,-1.5257846720843433,3.24310704114387,1.823910938453673
2026-07-17T09:58:29.223+07:00,3606724515320,13.980865123,1784257109223022727,left,,,,,,3.0429985606623853,0.5219177604471176,-0.294030474539567,1.5883154621904763,-0.12605544841653502,1.8004846522998772
2026-07-17T09:58:29.227+07:00,3606728937891,13.985287694,1784257109227588027,right,,,,,,0.07655448935793649,2.820406983706854,0.5930923410091148,-1.5246205893807898,3.2438297383033885,1.836710938453673
2026-07-17T09:58:29.307+07:00,3606808222065,14.064571868,1784257109287153540,left,,,,,,3.0416724790412504,0.5272846393759548,-0.2871005869581,1.5894738299845705,-0.12755842112317192,1.812816194505688
2026-07-17T09:58:29.307+07:00,3606808316358,14.064666161,1784257109301923529,right,,,,,,0.07760427097389096,2.826163386758044,0.6016643259980755,-1.5233109963392921,3.2446427726078473,1.8511109384536726
2026-07-17T09:58:29.354+07:00,3606855278493,14.111628296,1784257109353527758,left,,,,,,3.040346397420115,0.5326515183047922,-0.280170699376633,1.590632197778665,-0.12906139382980883,1.825147736711498
2026-07-17T09:58:29.362+07:00,3606863855158,14.120204961,1784257109362545756,right,,,,,,0.07853741018807271,2.8312801894702124,0.609283868210485,-1.5221469136357386,3.245365469767367,1.863910938453673
2026-07-17T09:58:29.431+07:00,3606932919028,14.189268831,1784257109431407142,left,,,,,,3.0386887953936967,0.5393601169658386,-0.2715083398997994,1.592080157521283,-0.130940109713105,1.8405621644687613
2026-07-17T09:58:29.451+07:00,3606952956253,14.209306056,1784257109451558409,right,,,,,,0.0798204766075726,2.8383157931994445,0.6197607387525479,-1.5205462999183526,3.246359178361705,1.8815109384536728
2026-07-17T09:58:29.507+07:00,3607008331018,14.264680821,1784257109497237514,left,,,,,,3.0373627137725614,0.544726995894676,-0.2645784523183324,1.5932385253153778,-0.13244308241974187,1.8528937066745716
2026-07-17T09:58:29.515+07:00,3607016561139,14.272910942,1784257109515308873,right,,,,,,0.08075361582175436,2.843432595911613,0.6273802809649573,-1.519382217214799,3.2470818755212236,1.8943109384536727
2026-07-17T09:58:29.559+07:00,3607060306128,14.316655931,1784257109558742680,left,,,,,,3.036036632151427,0.5500938748235131,-0.2576485647368654,1.5943968931094723,-0.1339460551263788,1.8652252488803822
2026-07-17T09:58:29.579+07:00,3607080773471,14.337123274,1784257109579442978,right,,,,,,0.08157011263416339,2.84790979828476,0.6340473804008155,-1.5183636448491902,3.2477142355358026,1.9055109384536728
2026-07-17T09:58:29.624+07:00,3607125185135,14.381534938,1784257109623442746,left,,,,,,3.034710550530292,0.5554607537523505,-0.2507186771553985,1.595555260903567,-0.1354490278330157,1.8775567910861926
2026-07-17T09:58:29.646+07:00,3607147300769,14.403650572,1784257109645911129,right,,,,,,0.0826107833657582,2.8536162424476155,0.6425449705225199,-1.5170654175532703,3.2485202136474154,1.9197859631894987
2026-07-17T09:58:29.718+07:00,3607219046504,14.475396307,1784257109711574276,left,,,,,,3.0331928591953283,0.561603109936371,-0.24278746827124123,1.5968810049119133,-0.13716916980406355,1.8916701566997485
2026-07-17T09:58:29.718+07:00,3607219191441,14.475541244,1784257109711636077,right,,,,,,0.08328611930254956,2.8573193991690156,0.6480594217423745,-1.5162229420992765,3.249043247462545,1.9290496398837738
2026-07-17T09:58:29.785+07:00,3607286066262,14.542416065,1784257109784608475,left,,,,,,3.032650241777961,0.563799175349899,-0.23995183761158081,1.5973549957513726,-0.13778416902843338,1.8967160825893994
2026-07-17T09:58:29.786+07:00,3607287788912,14.544138715,1784257109786551619,right,,,,,,0.08361756183950961,2.8591368408178828,0.6507658136322166,-1.515809470541514,3.2492999429013008,1.9335960831246233
2026-07-17T09:58:29.854+07:00,3607355684025,14.612033828,1784257109853950880,right,,,,,,0.08362964540719985,2.8592031002044678,0.6508644819259644,-1.5157943964004517,3.2493093013763423,1.9337618350982675
2026-07-17T09:58:29.855+07:00,3607356382826,14.612732629,1784257109854528853,left,,,,,,3.0326125621795654,0.5639516711235047,-0.23975493013858787,1.5973879098892212,-0.13782687485218048,1.8970664739608762
2026-07-17T09:58:29.918+07:00,3607419106320,14.675456123,1784257109917693090,right,,,,,,0.08362964540719985,2.8592031002044678,0.6508644819259644,-1.5157943964004517,3.2493093013763423,1.9337618350982675
2026-07-17T09:58:29.918+07:00,3607419744685,14.676094488,1784257109918276821,left,,,,,,3.0326125621795654,0.5639516711235047,-0.23975493013858787,1.5973879098892212,-0.13782687485218048,1.8970664739608762
2026-07-17T09:58:29.984+07:00,3607485369516,14.741719319,1784257109984001075,right,,,,,,0.08362964540719985,2.8592031002044678,0.6508644819259644,-1.5157943964004517,3.2493093013763423,1.9337618350982675
2026-07-17T09:58:29.997+07:00,3607498674651,14.755024454,1784257109997365689,left,,,,,,3.0326125621795654,0.5639516711235047,-0.23975493013858787,1.5973879098892212,-0.13782687485218048,1.8970664739608762
2026-07-17T09:58:30.045+07:00,3607546320390,14.802670193,1784257110044955918,right,,,,,,0.08362964540719985,2.8592031002044678,0.6508644819259644,-1.5157943964004517,3.2493093013763423,1.9337618350982675
2026-07-17T09:58:30.107+07:00,3607608336859,14.864686662,1784257110082314923,left,,,,,,3.0326125621795654,0.5639516711235047,-0.23975493013858787,1.5973879098892212,-0.13782687485218048,1.8970664739608762
2026-07-17T09:58:30.108+07:00,3607609952475,14.866302278,1784257110108571548,right,,,,,,0.08362964540719985,2.8592031002044678,0.6508644819259644,-1.5157943964004517,3.2493093013763423,1.9337618350982675
2026-07-17T09:58:30.148+07:00,3607649099385,14.905449188,1784257110147654400,left,,,,,,3.0326125621795654,0.5639516711235047,-0.23975493013858787,1.5973879098892212,-0.13782687485218048,1.8970664739608762
2026-07-17T09:58:30.173+07:00,3607674280288,14.930630091,1784257110172883169,right,,,,,,0.08362964540719985,2.8592031002044678,0.6508644819259644,-1.5157943964004517,3.2493093013763423,1.9337618350982675
2026-07-17T09:58:30.217+07:00,3607718231873,14.974581676,1784257110216733011,left,,,,,,3.0326125621795654,0.5639516711235047,-0.23975493013858787,1.5973879098892212,-0.13782687485218048,1.8970664739608762
2026-07-17T09:58:30.240+07:00,3607741358150,14.997707953,1784257110239843713,right,,,,,,0.08362964540719985,2.8592031002044678,0.6508644819259644,-1.5157943964004517,3.2493093013763423,1.9337618350982675
2026-07-17T09:58:30.307+07:00,3607808499810,15.064849613,1784257110284696064,left,,,,,,3.0326125621795654,0.5639516711235047,-0.23975493013858787,1.5973879098892212,-0.13782687485218048,1.8970664739608762
2026-07-17T09:58:30.307+07:00,3607808623576,15.064973379,1784257110302334049,right,,,,,,0.08362964540719985,2.8592031002044678,0.6508644819259644,-1.5157943964004517,3.2493093013763423,1.9337618350982675
2026-07-17T09:58:30.349+07:00,3607850067352,15.106417155,1784257110348394412,left,,,,,,3.0326125621795654,0.5639516711235047,-0.23975493013858787,1.5973879098892212,-0.13782687485218048,1.8970664739608762
2026-07-17T09:58:30.370+07:00,3607871041715,15.127391518,1784257110369720429,right,,,,,,0.08362964540719985,2.8592031002044678,0.6508644819259644,-1.5157943964004517,3.2493093013763423,1.9337618350982675
2026-07-17T09:58:30.412+07:00,3607913414490,15.169764293,1784257110411684196,left,,,,,,3.0326125621795654,0.5639516711235047,-0.23975493013858787,1.5973879098892212,-0.13782687485218048,1.8970664739608762
2026-07-17T09:58:30.436+07:00,3607937947474,15.194297277,1784257110436520580,right,,,,,,0.08362964540719985,2.8592031002044678,0.6508644819259644,-1.5157943964004517,3.2493093013763423,1.9337618350982675
2026-07-17T09:58:30.507+07:00,3608008107205,15.264457008,1784257110481796098,left,,,,,,3.0326125621795654,0.5639516711235047,-0.23975493013858787,1.5973879098892212,-0.13782687485218048,1.8970664739608762
2026-07-17T09:58:30.507+07:00,3608008216315,15.264566118,1784257110503500455,right,,,,,,0.08362964540719985,2.8592031002044678,0.6508644819259644,-1.5157943964004517,3.2493093013763423,1.9337618350982675
2026-07-17T09:58:30.545+07:00,3608046645464,15.302995267,1784257110545307127,left,,,,,,3.0326125621795654,0.5639516711235047,-0.23975493013858787,1.5973879098892212,-0.13782687485218048,1.8970664739608762
2026-07-17T09:58:30.570+07:00,3608071152528,15.327502331,1784257110569628620,right,,,,,,0.08362964540719985,2.8592031002044678,0.6508644819259644,-1.5157943964004517,3.2493093013763423,1.9337618350982675
2026-07-17T09:58:30.607+07:00,3608108052657,15.364402460,1784257110606523802,left,,,,,,3.0326125621795654,0.5639516711235047,-0.23975493013858787,1.5973879098892212,-0.13782687485218048,1.8970664739608762
2026-07-17T09:58:30.635+07:00,3608136233744,15.392583547,1784257110634610750,right,,,,,,0.08362964540719985,2.8592031002044678,0.6508644819259644,-1.5157943964004517,3.2493093013763423,1.9337618350982675
2026-07-17T09:58:30.708+07:00,3608209685670,15.466035473,1784257110685232654,left,,,,,,3.0326125621795654,0.5639516711235047,-0.23975493013858787,1.5973879098892212,-0.13782687485218048,1.8970664739608762
2026-07-17T09:58:30.708+07:00,3608209829837,15.466179640,1784257110703094221,right,,,,,,0.08362964540719985,2.8592031002044678,0.6508644819259644,-1.5157943964004517,3.2493093013763423,1.9337618350982675
2026-07-17T09:58:30.749+07:00,3608250140026,15.506489829,1784257110748679911,left,,,,,,3.0326125621795654,0.5639516711235047,-0.23975493013858787,1.5973879098892212,-0.13782687485218048,1.8970664739608762
