receive_wall_iso,receive_monotonic_ns,elapsed_sec,side,cycle,completed_cycles,step_index,step_name,sequence_status,motion_state,power_state,servo_state,collision_state
2026-07-17T09:57:22.703+07:00,3540204956484,0.043902573,right,,,,,,0,1,1,0
2026-07-17T09:57:22.738+07:00,3540239752582,0.078698671,left,,,,,,0,1,1,0
2026-07-17T09:57:22.763+07:00,3540264679916,0.103626005,right,,,,,,0,1,1,0
2026-07-17T09:57:22.804+07:00,3540305340684,0.144286773,left,,,,,,0,1,1,0
2026-07-17T09:57:22.825+07:00,3540326442897,0.165388986,right,,,,,,0,1,1,0
2026-07-17T09:57:22.868+07:00,3540369706057,0.208652146,left,,,,,,0,1,1,0
2026-07-17T09:57:22.925+07:00,3540426675761,0.265621850,right,,,,,,0,1,1,0
2026-07-17T09:57:22.934+07:00,3540435526523,0.274472612,left,,,,,,0,1,1,0
2026-07-17T09:57:22.946+07:00,3540447574050,0.286520139,right,,,,,,0,1,1,0
2026-07-17T09:57:22.995+07:00,3540496917670,0.335863759,left,,,,,,0,1,1,0
2026-07-17T09:57:23.006+07:00,3540507282808,0.346228897,right,,,,,,0,1,1,0
2026-07-17T09:57:23.063+07:00,3540564635613,0.403581702,left,,,,,,0,1,1,0
2026-07-17T09:57:23.074+07:00,3540575128240,0.414074329,right,,,,,,0,1,1,0
2026-07-17T09:57:23.129+07:00,3540629979421,0.468925510,left,,,,,,0,1,1,0
2026-07-17T09:57:23.138+07:00,3540639177042,0.478123131,right,,,,,,0,1,1,0
2026-07-17T09:57:23.200+07:00,3540701782947,0.540729036,left,,,,,,0,1,1,0
2026-07-17T09:57:23.201+07:00,3540702627599,0.541573688,right,,,,,,0,1,1,0
2026-07-17T09:57:23.265+07:00,3540766835810,0.605781899,right,,,,,,0,1,1,0
2026-07-17T09:57:23.267+07:00,3540768192670,0.607138759,left,,,,,,0,1,1,0
2026-07-17T09:57:23.331+07:00,3540832686719,0.671632808,right,,,,,,0,1,1,0
2026-07-17T09:57:23.331+07:00,3540832887095,0.671833184,left,,,,,,0,1,1,0
2026-07-17T09:57:23.393+07:00,3540894244290,0.733190379,right,,,,,,0,1,1,0
2026-07-17T09:57:23.395+07:00,3540896933041,0.735879130,left,,,,,,0,1,1,0
2026-07-17T09:57:23.454+07:00,3540955392194,0.794338283,right,,,,,,0,1,1,0
2026-07-17T09:57:23.462+07:00,3540963362616,0.802308705,left,,,,,,0,1,1,0
2026-07-17T09:57:23.524+07:00,3541025450668,0.864396757,left,,,,,,0,1,1,0
2026-07-17T09:57:23.529+07:00,3541030330832,0.869276921,right,,,,,,0,1,1,0
2026-07-17T09:57:23.588+07:00,3541089119754,0.928065843,left,,,,,,0,1,1,0
2026-07-17T09:57:23.602+07:00,3541103269495,0.942215584,right,,,,,,0,1,1,0
2026-07-17T09:57:23.650+07:00,3541151832549,0.990778638,left,,,,,,0,1,1,0
2026-07-17T09:57:23.665+07:00,3541166240670,1.005186759,right,,,,,,0,1,1,0
2026-07-17T09:57:23.723+07:00,3541224614061,1.063560150,left,,,,,,0,1,1,0
2026-07-17T09:57:23.740+07:00,3541241227506,1.080173595,right,,,,,,0,1,1,0
2026-07-17T09:57:23.778+07:00,3541279748141,1.118694230,left,,,,,,0,1,1,0
2026-07-17T09:57:23.804+07:00,3541305777458,1.144723547,right,,,,,,0,1,1,0
2026-07-17T09:57:23.845+07:00,3541346478886,1.185424975,left,,,,,,0,1,1,0
2026-07-17T09:57:23.869+07:00,3541370220330,1.209166419,right,,,,,,0,1,1,0
2026-07-17T09:57:23.923+07:00,3541424879350,1.263825439,left,,,,,,0,1,1,0
2026-07-17T09:57:23.931+07:00,3541432821958,1.271768047,right,,,,,,0,1,1,0
2026-07-17T09:57:23.978+07:00,3541479894191,1.318840280,left,,,,,,0,1,1,0
2026-07-17T09:57:23.996+07:00,3541497622422,1.336568511,right,,,,,,0,1,1,0
2026-07-17T09:57:24.044+07:00,3541545006253,1.383952342,left,,,,,,0,1,1,0
2026-07-17T09:57:24.058+07:00,3541559468581,1.398414670,right,,,,,,0,1,1,0
2026-07-17T09:57:24.124+07:00,3541625744593,1.464690682,left,,,,,,0,1,1,0
2026-07-17T09:57:24.127+07:00,3541628775737,1.467721826,right,,,,,,0,1,1,0
2026-07-17T09:57:24.174+07:00,3541674985092,1.513931181,left,,,,,,0,1,1,0
2026-07-17T09:57:24.188+07:00,3541689534993,1.528481082,right,,,,,,0,1,1,0
2026-07-17T09:57:24.239+07:00,3541740143824,1.579089913,left,,,,,,0,1,1,0
2026-07-17T09:57:24.253+07:00,3541754053268,1.592999357,right,,,,,,0,1,1,0
2026-07-17T09:57:24.324+07:00,3541825222949,1.664169038,left,,,,,,0,1,1,0
2026-07-17T09:57:24.325+07:00,3541826929569,1.665875658,right,,,,,,0,1,1,0
2026-07-17T09:57:24.374+07:00,3541875732205,1.714678294,left,,,,,,0,1,1,0
2026-07-17T09:57:24.387+07:00,3541887971972,1.726918061,right,,,,,,0,1,1,0
2026-07-17T09:57:24.436+07:00,3541937172954,1.776119043,left,,,,,,0,1,1,0
2026-07-17T09:57:24.454+07:00,3541955076666,1.794022755,right,,,,,,0,1,1,0
2026-07-17T09:57:24.524+07:00,3542025385144,1.864331233,left,,,,,,0,1,1,0
2026-07-17T09:57:24.530+07:00,3542031901697,1.870847786,right,,,,,,0,1,1,0
2026-07-17T09:57:24.574+07:00,3542075253083,1.914199172,left,,,,,,0,1,1,0
2026-07-17T09:57:24.597+07:00,3542098899907,1.937845996,right,,,,,,0,1,1,0
2026-07-17T09:57:24.636+07:00,3542137093152,1.976039241,left,,,,,,0,1,1,0
2026-07-17T09:57:24.660+07:00,3542161480296,2.000426385,right,,,,,,0,1,1,0
2026-07-17T09:57:24.734+07:00,3542235266566,2.074212655,left,,,,,,0,1,1,0
2026-07-17T09:57:24.755+07:00,3542256933796,2.095879885,right,,,,,,0,1,1,0
2026-07-17T09:57:24.800+07:00,3542301560242,2.140506331,left,,,,,,0,1,1,0
2026-07-17T09:57:24.820+07:00,3542321572705,2.160518794,right,,,,,,0,1,1,0
2026-07-17T09:57:24.863+07:00,3542364772810,2.203718899,left,,,,,,0,1,1,0
2026-07-17T09:57:24.924+07:00,3542425329374,2.264275463,right,,,,,,0,1,1,0
2026-07-17T09:57:24.924+07:00,3542425534069,2.264480158,left,,,,,,0,1,1,0
2026-07-17T09:57:24.950+07:00,3542451737457,2.290683546,right,,,,,,0,1,1,0
2026-07-17T09:57:24.990+07:00,3542491377229,2.330323318,left,,,,,,0,1,1,0
2026-07-17T09:57:25.015+07:00,3542516554766,2.355500855,right,,,,,,0,1,1,0
2026-07-17T09:57:25.056+07:00,3542557420270,2.396366359,left,,,,,,0,1,1,0
2026-07-17T09:57:25.124+07:00,3542625415203,2.464361292,left,,,,,,0,1,1,0
2026-07-17T09:57:25.124+07:00,3542625455583,2.464401672,right,,,,,,0,1,1,0
2026-07-17T09:57:25.154+07:00,3542655424270,2.494370359,right,,,,,,0,1,1,0
2026-07-17T09:57:25.218+07:00,3542719570145,2.558516234,right,,,,,,0,1,1,0
2026-07-17T09:57:25.227+07:00,3542728072658,2.567018747,left,,,,,,0,1,1,0
2026-07-17T09:57:25.334+07:00,3542835081501,2.674027590,left,,,,,,0,1,1,0
2026-07-17T09:57:25.334+07:00,3542835187050,2.674133139,right,,,,,,0,1,1,0
2026-07-17T09:57:25.354+07:00,3542855544570,2.694490659,left,,,,,,0,1,1,0
2026-07-17T09:57:25.361+07:00,3542862339462,2.701285551,right,,,,,,0,1,1,0
2026-07-17T09:57:25.419+07:00,3542920621186,2.759567275,left,,,,,,0,1,1,0
2026-07-17T09:57:25.423+07:00,3542924288732,2.763234821,right,,,,,,0,1,1,0
2026-07-17T09:57:25.523+07:00,3543024884566,2.863830655,left,,,,,,0,1,1,0
2026-07-17T09:57:25.524+07:00,3543024988344,2.863934433,right,,,,,,0,1,1,0
2026-07-17T09:57:25.549+07:00,3543050671425,2.889617514,left,,,,,,0,1,1,0
2026-07-17T09:57:25.553+07:00,3543054893584,2.893839673,right,,,,,,0,1,1,0
2026-07-17T09:57:25.619+07:00,3543120215847,2.959161936,right,,,,,,0,1,1,0
2026-07-17T09:57:25.619+07:00,3543120358186,2.959304275,left,,,,,,0,1,1,0
2026-07-17T09:57:25.723+07:00,3543224739653,3.063685742,left,,,,,,0,1,1,0
2026-07-17T09:57:25.723+07:00,3543224842184,3.063788273,right,,,,,,0,1,1,0
2026-07-17T09:57:25.744+07:00,3543245507694,3.084453783,left,,,,,,0,1,1,0
2026-07-17T09:57:25.761+07:00,3543262951901,3.101897990,right,,,,,,0,1,1,0
2026-07-17T09:57:25.817+07:00,3543318937988,3.157884077,left,,,,,,0,1,1,0
2026-07-17T09:57:25.825+07:00,3543326343355,3.165289444,right,,,,,,0,1,1,0
2026-07-17T09:57:25.879+07:00,3543380862276,3.219808365,left,,,,,,0,1,1,0
2026-07-17T09:57:25.924+07:00,3543425286437,3.264232526,right,,,,,,0,1,1,0
2026-07-17T09:57:25.942+07:00,3543443028369,3.281974458,left,,,,,,0,1,1,0
2026-07-17T09:57:25.955+07:00,3543456766462,3.295712551,right,,,,,,0,1,1,0
2026-07-17T09:57:26.006+07:00,3543507077802,3.346023891,left,,,,,,0,1,1,0
2026-07-17T09:57:26.019+07:00,3543520688833,3.359634922,right,,,,,,0,1,1,0
2026-07-17T09:57:26.069+07:00,3543570548051,3.409494140,left,,,,,,0,1,1,0
2026-07-17T09:57:26.123+07:00,3543624360802,3.463306891,right,,,,,,0,1,1,0
2026-07-17T09:57:26.130+07:00,3543631639398,3.470585487,left,,,,,,0,1,1,0
2026-07-17T09:57:26.143+07:00,3543644325710,3.483271799,right,,,,,,0,1,1,0
2026-07-17T09:57:26.207+07:00,3543708538559,3.547484648,right,,,,,,0,1,1,0
2026-07-17T09:57:26.235+07:00,3543736128308,3.575074397,left,,,,,,0,1,1,0
2026-07-17T09:57:26.269+07:00,3543770141409,3.609087498,right,,,,,,0,1,1,0
2026-07-17T09:57:26.324+07:00,3543825134965,3.664081054,left,,,,,,0,1,1,0
2026-07-17T09:57:26.335+07:00,3543836101854,3.675047943,right,,,,,,0,1,1,0
2026-07-17T09:57:26.369+07:00,3543870872329,3.709818418,left,,,,,,0,1,1,0
2026-07-17T09:57:26.405+07:00,3543906532578,3.745478667,right,,,,,,0,1,1,0
2026-07-17T09:57:26.437+07:00,3543938267493,3.777213582,left,,,,,,0,1,1,0
2026-07-17T09:57:26.523+07:00,3544024779756,3.863725845,left,,,,,,0,1,1,0
2026-07-17T09:57:26.523+07:00,3544024815768,3.863761857,right,,,,,,0,1,1,0
2026-07-17T09:57:26.561+07:00,3544062157491,3.901103580,right,,,,,,0,1,1,0
2026-07-17T09:57:26.590+07:00,3544091442724,3.930388813,left,,,,,,0,1,1,0
2026-07-17T09:57:26.629+07:00,3544129990345,3.968936434,right,,,,,,0,1,1,0
2026-07-17T09:57:26.650+07:00,3544151884593,3.990830682,left,,,,,,0,1,1,0
2026-07-17T09:57:26.725+07:00,3544226056921,4.065003010,right,,,,,,0,1,1,0
2026-07-17T09:57:26.744+07:00,3544245126798,4.084072887,left,,,,,,0,1,1,0
2026-07-17T09:57:26.764+07:00,3544265606098,4.104552187,right,,,,,,0,1,1,0
2026-07-17T09:57:26.807+07:00,3544308438148,4.147384237,left,,,,,,0,1,1,0
2026-07-17T09:57:26.828+07:00,3544329192324,4.168138413,right,,,,,,0,1,1,0
2026-07-17T09:57:26.877+07:00,3544378707886,4.217653975,left,,,,,,0,1,1,0
2026-07-17T09:57:26.924+07:00,3544425256967,4.264203056,right,,,,,,0,1,1,0
2026-07-17T09:57:26.938+07:00,3544439637963,4.278584052,left,,,,,,0,1,1,0
2026-07-17T09:57:26.957+07:00,3544457995077,4.296941166,right,,,,,,0,1,1,0
2026-07-17T09:57:27.001+07:00,3544502944507,4.341890596,left,,,,,,0,1,1,0
2026-07-17T09:57:27.019+07:00,3544520890236,4.359836325,right,,,,,,0,1,1,0
2026-07-17T09:57:27.063+07:00,3544564096258,4.403042347,left,,,,,,0,1,1,0
2026-07-17T09:57:27.124+07:00,3544625035160,4.463981249,right,,,,,,0,1,1,0
2026-07-17T09:57:27.133+07:00,3544634079647,4.473025736,left,,,,,,0,1,1,0
2026-07-17T09:57:27.146+07:00,3544647562927,4.486509016,right,,,,,,0,1,1,0
2026-07-17T09:57:27.227+07:00,3544728301862,4.567247951,left,,,,,,0,1,1,0
2026-07-17T09:57:27.246+07:00,3544747471187,4.586417276,right,,,,,,0,1,1,0
2026-07-17T09:57:27.324+07:00,3544825494472,4.664440561,left,,,,,,0,1,1,0
2026-07-17T09:57:27.324+07:00,3544825529016,4.664475105,right,,,,,,0,1,1,0
2026-07-17T09:57:27.368+07:00,3544869418525,4.708364614,left,,,,,,0,1,1,0
2026-07-17T09:57:27.382+07:00,3544883482954,4.722429043,right,,,,,,0,1,1,0
2026-07-17T09:57:27.430+07:00,3544931087475,4.770033564,left,,,,,,0,1,1,0
2026-07-17T09:57:27.443+07:00,3544944161921,4.783108010,right,,,,,,0,1,1,0
2026-07-17T09:57:27.523+07:00,3545024841790,4.863787879,left,,,,,,0,1,1,0
2026-07-17T09:57:27.523+07:00,3545024875874,4.863821963,right,,,,,,0,1,1,0
2026-07-17T09:57:27.574+07:00,3545075699958,4.914646047,left,,,,,,0,1,1,0
2026-07-17T09:57:27.586+07:00,3545087568075,4.926514164,right,,,,,,0,1,1,0
2026-07-17T09:57:27.638+07:00,3545139060331,4.978006420,left,,,,,,0,1,1,0
2026-07-17T09:57:27.648+07:00,3545149862574,4.988808663,right,,,,,,0,1,1,0
2026-07-17T09:57:27.728+07:00,3545229734492,5.068680581,right,,,,,,0,1,1,0
2026-07-17T09:57:27.740+07:00,3545240974675,5.079920764,left,,,,,,0,1,1,0
2026-07-17T09:57:27.796+07:00,3545297032446,5.135978535,right,,,,,,0,1,1,0
2026-07-17T09:57:27.804+07:00,3545305824087,5.144770176,left,,,,,,0,1,1,0
2026-07-17T09:57:27.859+07:00,3545359998064,5.198944153,right,,,,,,0,1,1,0
2026-07-17T09:57:27.868+07:00,3545369630818,5.208576907,left,,,,,,0,1,1,0
2026-07-17T09:57:27.933+07:00,3545434802343,5.273748432,right,,,,,,0,1,1,0
2026-07-17T09:57:27.937+07:00,3545438341164,5.277287253,left,,,,,,0,1,1,0
2026-07-17T09:57:28.008+07:00,3545509209335,5.348155424,left,,,,,,0,1,1,0
2026-07-17T09:57:28.020+07:00,3545521004980,5.359951069,right,,,,,,0,1,1,0
2026-07-17T09:57:28.073+07:00,3545574504214,5.413450303,left,,,,,,0,1,1,0
2026-07-17T09:57:28.123+07:00,3545624829148,5.463775237,right,,,,,,0,1,1,0
2026-07-17T09:57:28.135+07:00,3545636223675,5.475169764,left,,,,,,0,1,1,0
2026-07-17T09:57:28.145+07:00,3545646741756,5.485687845,right,,,,,,0,1,1,0
2026-07-17T09:57:28.207+07:00,3545708392199,5.547338288,right,,,,,,0,1,1,0
2026-07-17T09:57:28.241+07:00,3545742275987,5.581222076,left,,,,,,0,1,1,0
2026-07-17T09:57:28.274+07:00,3545775727083,5.614673172,right,,,,,,0,1,1,0
2026-07-17T09:57:28.324+07:00,3545825467549,5.664413638,left,,,,,,0,1,1,0
2026-07-17T09:57:28.341+07:00,3545842187086,5.681133175,right,,,,,,0,1,1,0
2026-07-17T09:57:28.374+07:00,3545875909545,5.714855634,left,,,,,,0,1,1,0
2026-07-17T09:57:28.406+07:00,3545907931037,5.746877126,right,,,,,,0,1,1,0
2026-07-17T09:57:28.438+07:00,3545939009336,5.777955425,left,,,,,,0,1,1,0
2026-07-17T09:57:28.470+07:00,3545971321312,5.810267401,right,,,,,,0,1,1,0
2026-07-17T09:57:28.524+07:00,3546025512758,5.864458847,left,,,,,,0,1,1,0
2026-07-17T09:57:28.531+07:00,3546032646206,5.871592295,right,,,,,,0,1,1,0
2026-07-17T09:57:28.573+07:00,3546074715041,5.913661130,left,,,,,,0,1,1,0
2026-07-17T09:57:28.601+07:00,3546102275160,5.941221249,right,,,,,,0,1,1,0
2026-07-17T09:57:28.640+07:00,3546141598271,5.980544360,left,,,,,,0,1,1,0
2026-07-17T09:57:28.664+07:00,3546165947536,6.004893625,right,,,,,,0,1,1,0
2026-07-17T09:57:28.732+07:00,3546233510060,6.072456149,right,,,,,,0,1,1,0
2026-07-17T09:57:28.736+07:00,3546237460582,6.076406671,left,,,,,,0,1,1,0
2026-07-17T09:57:28.796+07:00,3546297323021,6.136269110,left,,,,,,0,1,1,0
2026-07-17T09:57:28.796+07:00,3546297602375,6.136548464,right,,,,,,0,1,1,0
2026-07-17T09:57:28.858+07:00,3546359345242,6.198291331,left,,,,,,0,1,1,0
2026-07-17T09:57:28.859+07:00,3546360835641,6.199781730,right,,,,,,0,1,1,0
2026-07-17T09:57:28.945+07:00,3546446420250,6.285366339,left,,,,,,0,1,1,0
2026-07-17T09:57:28.945+07:00,3546446452803,6.285398892,right,,,,,,0,1,1,0
2026-07-17T09:57:28.995+07:00,3546496558705,6.335504794,left,,,,,,0,1,1,0
2026-07-17T09:57:29.000+07:00,3546501111574,6.340057663,right,,,,,,0,1,1,0
2026-07-17T09:57:29.061+07:00,3546562761769,6.401707858,right,,,,,,0,1,1,0
2026-07-17T09:57:29.062+07:00,3546562975732,6.401921821,left,,,,,,0,1,1,0
2026-07-17T09:57:29.126+07:00,3546627382214,6.466328303,left,,,,,,0,1,1,0
2026-07-17T09:57:29.131+07:00,3546632216790,6.471162879,right,,,,,,0,1,1,0
2026-07-17T09:57:29.188+07:00,3546689570754,6.528516843,left,,,,,,0,1,1,0
2026-07-17T09:57:29.194+07:00,3546695486374,6.534432463,right,,,,,,0,1,1,0
2026-07-17T09:57:29.253+07:00,3546754699472,6.593645561,left,,,,,,0,1,1,0
2026-07-17T09:57:29.256+07:00,3546757332337,6.596278426,right,,,,,,0,1,1,0
2026-07-17T09:57:29.324+07:00,3546825224316,6.664170405,left,,,,,,0,1,1,0
2026-07-17T09:57:29.328+07:00,3546829601647,6.668547736,right,,,,,,0,1,1,0
2026-07-17T09:57:29.383+07:00,3546884462442,6.723408531,left,,,,,,0,1,1,0
2026-07-17T09:57:29.392+07:00,3546893366090,6.732312179,right,,,,,,0,1,1,0
2026-07-17T09:57:29.450+07:00,3546951022230,6.789968319,left,,,,,,0,1,1,0
2026-07-17T09:57:29.452+07:00,3546953537849,6.792483938,right,,,,,,0,1,1,0
2026-07-17T09:57:29.524+07:00,3547025112331,6.864058420,left,,,,,,0,1,1,0
2026-07-17T09:57:29.529+07:00,3547030014705,6.868960794,right,,,,,,0,1,1,0
2026-07-17T09:57:29.584+07:00,3547085528121,6.924474210,left,,,,,,0,1,1,0
2026-07-17T09:57:29.598+07:00,3547099532587,6.938478676,right,,,,,,0,1,1,0
2026-07-17T09:57:29.649+07:00,3547150846238,6.989792327,left,,,,,,0,1,1,0
2026-07-17T09:57:29.658+07:00,3547159579705,6.998525794,right,,,,,,0,1,1,0
2026-07-17T09:57:29.729+07:00,3547230199369,7.069145458,right,,,,,,0,1,1,0
2026-07-17T09:57:29.737+07:00,3547238936814,7.077882903,left,,,,,,0,1,1,0
2026-07-17T09:57:29.792+07:00,3547293850564,7.132796653,right,,,,,,0,1,1,0
2026-07-17T09:57:29.804+07:00,3547305471580,7.144417669,left,,,,,,0,1,1,0
2026-07-17T09:57:29.860+07:00,3547361471498,7.200417587,right,,,,,,0,1,1,0
2026-07-17T09:57:29.866+07:00,3547367524266,7.206470355,left,,,,,,0,1,1,0
2026-07-17T09:57:29.928+07:00,3547429720341,7.268666430,left,,,,,,0,1,1,0
2026-07-17T09:57:29.934+07:00,3547435031264,7.273977353,right,,,,,,0,1,1,0
2026-07-17T09:57:29.994+07:00,3547495103985,7.334050074,left,,,,,,0,1,1,0
2026-07-17T09:57:30.010+07:00,3547511299937,7.350246026,right,,,,,,0,1,1,0
2026-07-17T09:57:30.057+07:00,3547558838600,7.397784689,left,,,,,,0,1,1,0
2026-07-17T09:57:30.070+07:00,3547571685700,7.410631789,right,,,,,,0,1,1,0
2026-07-17T09:57:30.123+07:00,3547624467088,7.463413177,left,,,,,,0,1,1,0
2026-07-17T09:57:30.132+07:00,3547633106544,7.472052633,right,,,,,,0,1,1,0
2026-07-17T09:57:30.181+07:00,3547682372282,7.521318371,left,,,,,,0,1,1,0
2026-07-17T09:57:30.193+07:00,3547694288376,7.533234465,right,,,,,,0,1,1,0
2026-07-17T09:57:30.243+07:00,3547744084201,7.583030290,left,,,,,,0,1,1,0
2026-07-17T09:57:30.254+07:00,3547755515432,7.594461521,right,,,,,,0,1,1,0
2026-07-17T09:57:30.323+07:00,3547824513633,7.663459722,left,,,,,,0,1,1,0
2026-07-17T09:57:30.327+07:00,3547828042745,7.666988834,right,,,,,,0,1,1,0
2026-07-17T09:57:30.372+07:00,3547873284698,7.712230787,left,,,,,,0,1,1,0
2026-07-17T09:57:30.388+07:00,3547889148286,7.728094375,right,,,,,,0,1,1,0
2026-07-17T09:57:30.437+07:00,3547938730738,7.777676827,left,,,,,,0,1,1,0
2026-07-17T09:57:30.455+07:00,3547956768209,7.795714298,right,,,,,,0,1,1,0
2026-07-17T09:57:30.524+07:00,3548025672705,7.864618794,left,,,,,,0,1,1,0
2026-07-17T09:57:30.530+07:00,3548031184715,7.870130804,right,,,,,,0,1,1,0
2026-07-17T09:57:30.572+07:00,3548073391667,7.912337756,left,,,,,,0,1,1,0
2026-07-17T09:57:30.594+07:00,3548095793943,7.934740032,right,,,,,,0,1,1,0
2026-07-17T09:57:30.640+07:00,3548141454941,7.980401030,left,,,,,,0,1,1,0
2026-07-17T09:57:30.662+07:00,3548163955327,8.002901416,right,,,,,,0,1,1,0
2026-07-17T09:57:30.731+07:00,3548232570385,8.071516474,right,,,,,,0,1,1,0
2026-07-17T09:57:30.733+07:00,3548234955853,8.073901942,left,,,,,,0,1,1,0
2026-07-17T09:57:30.796+07:00,3548297812566,8.136758655,left,,,,,,0,1,1,0
2026-07-17T09:57:30.801+07:00,3548302831593,8.141777682,right,,,,,,0,1,1,0
2026-07-17T09:57:30.860+07:00,3548361105510,8.200051599,left,,,,,,0,1,1,0
2026-07-17T09:57:30.872+07:00,3548373057957,8.212004046,right,,,,,,0,1,1,0
2026-07-17T09:57:30.924+07:00,3548425612080,8.264558169,left,,,,,,0,1,1,0
2026-07-17T09:57:30.935+07:00,3548436307763,8.275253852,right,,,,,,0,1,1,0
2026-07-17T09:57:30.992+07:00,3548493950725,8.332896814,left,,,,,,0,1,1,0
2026-07-17T09:57:31.010+07:00,3548511618564,8.350564653,right,,,,,,0,1,1,0
2026-07-17T09:57:31.061+07:00,3548562143062,8.401089151,left,,,,,,0,1,1,0
2026-07-17T09:57:31.070+07:00,3548571805317,8.410751406,right,,,,,,0,1,1,0
2026-07-17T09:57:31.125+07:00,3548626933210,8.465879299,left,,,,,,0,1,1,0
2026-07-17T09:57:31.134+07:00,3548635441842,8.474387931,right,,,,,,0,1,1,0
2026-07-17T09:57:31.190+07:00,3548691192377,8.530138466,left,,,,,,0,1,1,0
2026-07-17T09:57:31.196+07:00,3548697394223,8.536340312,right,,,,,,0,1,1,0
2026-07-17T09:57:31.254+07:00,3548755390667,8.594336756,left,,,,,,0,1,1,0
2026-07-17T09:57:31.257+07:00,3548758861991,8.597808080,right,,,,,,0,1,1,0
2026-07-17T09:57:31.323+07:00,3548824950467,8.663896556,left,,,,,,0,1,1,0
2026-07-17T09:57:31.327+07:00,3548828726168,8.667672257,right,,,,,,0,1,1,0
2026-07-17T09:57:31.386+07:00,3548887229947,8.726176036,left,,,,,,0,1,1,0
2026-07-17T09:57:31.393+07:00,3548894441102,8.733387191,right,,,,,,0,1,1,0
2026-07-17T09:57:31.451+07:00,3548952791987,8.791738076,left,,,,,,0,1,1,0
2026-07-17T09:57:31.458+07:00,3548959735516,8.798681605,right,,,,,,0,1,1,0
2026-07-17T09:57:31.523+07:00,3549024329747,8.863275836,left,,,,,,0,1,1,0
2026-07-17T09:57:31.529+07:00,3549030043358,8.868989447,right,,,,,,0,1,1,0
2026-07-17T09:57:31.580+07:00,3549081857752,8.920803841,left,,,,,,0,1,1,0
2026-07-17T09:57:31.595+07:00,3549096123738,8.935069827,right,,,,,,0,1,1,0
2026-07-17T09:57:31.647+07:00,3549148639199,8.987585288,left,,,,,,0,1,1,0
2026-07-17T09:57:31.657+07:00,3549158477529,8.997423618,right,,,,,,0,1,1,0
2026-07-17T09:57:31.733+07:00,3549234258892,9.073204981,left,,,,,,0,1,1,0
2026-07-17T09:57:31.745+07:00,3549246722711,9.085668800,right,,,,,,0,1,1,0
2026-07-17T09:57:31.797+07:00,3549298740108,9.137686197,left,,,,,,0,1,1,0
2026-07-17T09:57:31.809+07:00,3549310476621,9.149422710,right,,,,,,0,1,1,0
2026-07-17T09:57:31.864+07:00,3549365456898,9.204402987,left,,,,,,0,1,1,0
2026-07-17T09:57:31.874+07:00,3549375819202,9.214765291,right,,,,,,0,1,1,0
2026-07-17T09:57:31.930+07:00,3549431735770,9.270681859,left,,,,,,0,1,1,0
2026-07-17T09:57:31.935+07:00,3549436601961,9.275548050,right,,,,,,0,1,1,0
2026-07-17T09:57:31.995+07:00,3549496010252,9.334956341,left,,,,,,0,1,1,0
2026-07-17T09:57:32.011+07:00,3549512108442,9.351054531,right,,,,,,0,1,1,0
2026-07-17T09:57:32.061+07:00,3549562032240,9.400978329,left,,,,,,0,1,1,0
2026-07-17T09:57:32.072+07:00,3549573466782,9.412412871,right,,,,,,0,1,1,0
2026-07-17T09:57:32.131+07:00,3549632939163,9.471885252,left,,,,,,0,1,1,0
2026-07-17T09:57:32.136+07:00,3549637732904,9.476678993,right,,,,,,0,1,1,0
2026-07-17T09:57:32.193+07:00,3549694370402,9.533316491,left,,,,,,0,1,1,0
2026-07-17T09:57:32.207+07:00,3549708350920,9.547297009,right,,,,,,0,1,1,0
2026-07-17T09:57:32.262+07:00,3549763652425,9.602598514,left,,,,,,0,1,1,0
2026-07-17T09:57:32.271+07:00,3549772797432,9.611743521,right,,,,,,0,1,1,0
2026-07-17T09:57:32.329+07:00,3549830838496,9.669784585,left,,,,,,0,1,1,0
2026-07-17T09:57:32.332+07:00,3549833010024,9.671956113,right,,,,,,0,1,1,0
2026-07-17T09:57:32.393+07:00,3549894102253,9.733048342,right,,,,,,0,1,1,0
2026-07-17T09:57:32.396+07:00,3549897302399,9.736248488,left,,,,,,0,1,1,0
2026-07-17T09:57:32.464+07:00,3549965306024,9.804252113,left,,,,,,0,1,1,0
2026-07-17T09:57:32.468+07:00,3549969798968,9.808745057,right,,,,,,0,1,1,0
2026-07-17T09:57:32.529+07:00,3550030245374,9.869191463,left,,,,,,0,1,1,0
2026-07-17T09:57:32.533+07:00,3550034777829,9.873723918,right,,,,,,0,1,1,0
2026-07-17T09:57:32.593+07:00,3550094964233,9.933910322,left,,,,,,0,1,1,0
2026-07-17T09:57:32.598+07:00,3550099173610,9.938119699,right,,,,,,0,1,1,0
2026-07-17T09:57:32.659+07:00,3550160035255,9.998981344,right,,,,,,0,1,1,0
2026-07-17T09:57:32.660+07:00,3550161747892,10.000693981,left,,,,,,0,1,1,0
2026-07-17T09:57:32.724+07:00,3550225565959,10.064512048,left,,,,,,0,1,1,0
2026-07-17T09:57:32.764+07:00,3550265491266,10.104437355,right,,,,,,0,1,1,0
2026-07-17T09:57:32.788+07:00,3550289832799,10.128778888,left,,,,,,0,1,1,0
2026-07-17T09:57:32.827+07:00,3550328612061,10.167558150,right,,,,,,0,1,1,0
2026-07-17T09:57:32.852+07:00,3550353597498,10.192543587,left,,,,,,0,1,1,0
2026-07-17T09:57:32.925+07:00,3550426305390,10.265251479,left,,,,,,0,1,1,0
2026-07-17T09:57:32.925+07:00,3550426385917,10.265332006,right,,,,,,0,1,1,0
2026-07-17T09:57:32.952+07:00,3550453526782,10.292472871,right,,,,,,0,1,1,0
2026-07-17T09:57:32.990+07:00,3550491173833,10.330119922,left,,,,,,0,1,1,0
2026-07-17T09:57:33.014+07:00,3550515718810,10.354664899,right,,,,,,0,1,1,0
2026-07-17T09:57:33.054+07:00,3550555332183,10.394278272,left,,,,,,0,1,1,0
2026-07-17T09:57:33.079+07:00,3550580180654,10.419126743,right,,,,,,0,1,1,0
2026-07-17T09:57:33.124+07:00,3550625112647,10.464058736,left,,,,,,0,1,1,0
2026-07-17T09:57:33.143+07:00,3550643995658,10.482941747,right,,,,,,0,1,1,0
2026-07-17T09:57:33.184+07:00,3550685883307,10.524829396,left,,,,,,0,1,1,0
2026-07-17T09:57:33.203+07:00,3550704607549,10.543553638,right,,,,,,0,1,1,0
2026-07-17T09:57:33.252+07:00,3550753371423,10.592317512,left,,,,,,0,1,1,0
2026-07-17T09:57:33.324+07:00,3550825179549,10.664125638,left,,,,,,0,1,1,0
2026-07-17T09:57:33.324+07:00,3550825219251,10.664165340,right,,,,,,0,1,1,0
2026-07-17T09:57:33.355+07:00,3550856135003,10.695081092,right,,,,,,0,1,1,0
2026-07-17T09:57:33.387+07:00,3550888039978,10.726986067,left,,,,,,0,1,1,0
2026-07-17T09:57:33.425+07:00,3550926284403,10.765230492,right,,,,,,0,1,1,0
2026-07-17T09:57:33.453+07:00,3550954312687,10.793258776,left,,,,,,0,1,1,0
2026-07-17T09:57:33.533+07:00,3551034591980,10.873538069,left,,,,,,0,1,1,0
2026-07-17T09:57:33.533+07:00,3551034629086,10.873575175,right,,,,,,0,1,1,0
2026-07-17T09:57:33.548+07:00,3551049881840,10.888827929,right,,,,,,0,1,1,0
2026-07-17T09:57:33.583+07:00,3551084241393,10.923187482,left,,,,,,0,1,1,0
2026-07-17T09:57:33.623+07:00,3551124499841,10.963445930,right,,,,,,0,1,1,0
2026-07-17T09:57:33.644+07:00,3551145951352,10.984897441,left,,,,,,0,1,1,0
2026-07-17T09:57:33.723+07:00,3551224658137,11.063604226,left,,,,,,0,1,1,0
2026-07-17T09:57:33.723+07:00,3551224698787,11.063644876,right,,,,,,0,1,1,0
2026-07-17T09:57:33.773+07:00,3551274275880,11.113221969,left,,,,,,0,1,1,0
2026-07-17T09:57:33.785+07:00,3551286234398,11.125180487,right,,,,,,0,1,1,0
2026-07-17T09:57:33.839+07:00,3551340110644,11.179056733,left,,,,,,0,1,1,0
2026-07-17T09:57:33.846+07:00,3551347629223,11.186575312,right,,,,,,0,1,1,0
2026-07-17T09:57:33.935+07:00,3551436087102,11.275033191,left,,,,,,0,1,1,0
2026-07-17T09:57:33.935+07:00,3551436127254,11.275073343,right,,,,,,0,1,1,0
2026-07-17T09:57:33.975+07:00,3551476362752,11.315308841,left,,,,,,0,1,1,0
2026-07-17T09:57:33.976+07:00,3551477283457,11.316229546,right,,,,,,0,1,1,0
2026-07-17T09:57:34.037+07:00,3551538430777,11.377376866,left,,,,,,0,1,1,0
2026-07-17T09:57:34.040+07:00,3551541880376,11.380826465,right,,,,,,0,1,1,0
2026-07-17T09:57:34.124+07:00,3551625452856,11.464398945,left,,,,,,0,1,1,0
2026-07-17T09:57:34.124+07:00,3551625489227,11.464435316,right,,,,,,0,1,1,0
2026-07-17T09:57:34.169+07:00,3551670323233,11.509269322,right,,,,,,0,1,1,0
2026-07-17T09:57:34.172+07:00,3551673895778,11.512841867,left,,,,,,0,1,1,0
2026-07-17T09:57:34.249+07:00,3551750064954,11.589011043,left,,,,,,0,1,1,0
2026-07-17T09:57:34.256+07:00,3551757297693,11.596243782,right,,,,,,0,1,1,0
2026-07-17T09:57:34.324+07:00,3551824974079,11.663920168,left,,,,,,0,1,1,0
2026-07-17T09:57:34.331+07:00,3551832906211,11.671852300,right,,,,,,0,1,1,0
2026-07-17T09:57:34.372+07:00,3551873432300,11.712378389,left,,,,,,0,1,1,0
2026-07-17T09:57:34.394+07:00,3551895781330,11.734727419,right,,,,,,0,1,1,0
2026-07-17T09:57:34.434+07:00,3551935529098,11.774475187,left,,,,,,0,1,1,0
2026-07-17T09:57:34.464+07:00,3551965025190,11.803971279,right,,,,,,0,1,1,0
2026-07-17T09:57:34.523+07:00,3552024377686,11.863323775,left,,,,,,0,1,1,0
2026-07-17T09:57:34.525+07:00,3552026913725,11.865859814,right,,,,,,0,1,1,0
2026-07-17T09:57:34.569+07:00,3552070848618,11.909794707,left,,,,,,0,1,1,0
2026-07-17T09:57:34.592+07:00,3552093735782,11.932681871,right,,,,,,0,1,1,0
2026-07-17T09:57:34.631+07:00,3552132281804,11.971227893,left,,,,,,0,1,1,0
2026-07-17T09:57:34.655+07:00,3552156434731,11.995380820,right,,,,,,0,1,1,0
2026-07-17T09:57:34.735+07:00,3552236329130,12.075275219,left,,,,,,0,1,1,0
2026-07-17T09:57:34.747+07:00,3552248767330,12.087713419,right,,,,,,0,1,1,0
2026-07-17T09:57:34.760+07:00,3552261117295,12.100063384,left,,,,,,0,1,1,0
2026-07-17T09:57:34.810+07:00,3552311183825,12.150129914,right,,,,,,0,1,1,0
2026-07-17T09:57:34.822+07:00,3552323736737,12.162682826,left,,,,,,0,1,1,0
2026-07-17T09:57:34.874+07:00,3552375486193,12.214432282,right,,,,,,0,1,1,0
2026-07-17T09:57:34.924+07:00,3552425066850,12.264012939,left,,,,,,0,1,1,0
2026-07-17T09:57:34.937+07:00,3552438900025,12.277846114,right,,,,,,0,1,1,0
2026-07-17T09:57:34.983+07:00,3552484423752,12.323369841,left,,,,,,0,1,1,0
2026-07-17T09:57:35.019+07:00,3552520149656,12.359095745,right,,,,,,0,1,1,0
2026-07-17T09:57:35.051+07:00,3552551981665,12.390927754,left,,,,,,0,1,1,0
2026-07-17T09:57:35.134+07:00,3552635830976,12.474777065,right,,,,,,0,1,1,0
2026-07-17T09:57:35.135+07:00,3552636166708,12.475112797,left,,,,,,0,1,1,0
2026-07-17T09:57:35.147+07:00,3552648604178,12.487550267,right,,,,,,0,1,1,0
2026-07-17T09:57:35.179+07:00,3552680924830,12.519870919,left,,,,,,0,1,1,0
2026-07-17T09:57:35.210+07:00,3552711277306,12.550223395,right,,,,,,0,1,1,0
2026-07-17T09:57:35.245+07:00,3552746504639,12.585450728,left,,,,,,0,1,1,0
2026-07-17T09:57:35.274+07:00,3552775558716,12.614504805,right,,,,,,0,1,1,0
2026-07-17T09:57:35.323+07:00,3552824929523,12.663875612,left,,,,,,0,1,1,0
2026-07-17T09:57:35.338+07:00,3552839838111,12.678784200,right,,,,,,0,1,1,0
2026-07-17T09:57:35.385+07:00,3552886497667,12.725443756,left,,,,,,0,1,1,0
2026-07-17T09:57:35.401+07:00,3552902879251,12.741825340,right,,,,,,0,1,1,0
2026-07-17T09:57:35.451+07:00,3552952308034,12.791254123,left,,,,,,0,1,1,0
2026-07-17T09:57:35.464+07:00,3552965706791,12.804652880,right,,,,,,0,1,1,0
2026-07-17T09:57:35.524+07:00,3553025389353,12.864335442,left,,,,,,0,1,1,0
2026-07-17T09:57:35.529+07:00,3553030120965,12.869067054,right,,,,,,0,1,1,0
2026-07-17T09:57:35.584+07:00,3553085194580,12.924140669,left,,,,,,0,1,1,0
2026-07-17T09:57:35.594+07:00,3553095571232,12.934517321,right,,,,,,0,1,1,0
2026-07-17T09:57:35.651+07:00,3553152686849,12.991632938,left,,,,,,0,1,1,0
2026-07-17T09:57:35.657+07:00,3553158711997,12.997658086,right,,,,,,0,1,1,0
2026-07-17T09:57:35.730+07:00,3553231010025,13.069956114,right,,,,,,0,1,1,0
2026-07-17T09:57:35.744+07:00,3553245155531,13.084101620,left,,,,,,0,1,1,0
2026-07-17T09:57:35.793+07:00,3553294614607,13.133560696,right,,,,,,0,1,1,0
2026-07-17T09:57:35.808+07:00,3553309123709,13.148069798,left,,,,,,0,1,1,0
2026-07-17T09:57:35.857+07:00,3553358579136,13.197525225,right,,,,,,0,1,1,0
2026-07-17T09:57:35.873+07:00,3553374487747,13.213433836,left,,,,,,0,1,1,0
2026-07-17T09:57:35.928+07:00,3553429594478,13.268540567,right,,,,,,0,1,1,0
2026-07-17T09:57:35.938+07:00,3553439857464,13.278803553,left,,,,,,0,1,1,0
2026-07-17T09:57:35.993+07:00,3553494760201,13.333706290,right,,,,,,0,1,1,0
2026-07-17T09:57:36.003+07:00,3553504714402,13.343660491,left,,,,,,0,1,1,0
2026-07-17T09:57:36.057+07:00,3553558268474,13.397214563,right,,,,,,0,1,1,0
2026-07-17T09:57:36.068+07:00,3553569968472,13.408914561,left,,,,,,0,1,1,0
2026-07-17T09:57:36.130+07:00,3553631362302,13.470308391,right,,,,,,0,1,1,0
2026-07-17T09:57:36.135+07:00,3553636019930,13.474966019,left,,,,,,0,1,1,0
2026-07-17T09:57:36.194+07:00,3553695877041,13.534823130,right,,,,,,0,1,1,0
2026-07-17T09:57:36.195+07:00,3553696372276,13.535318365,left,,,,,,0,1,1,0
2026-07-17T09:57:36.262+07:00,3553763445779,13.602391868,left,,,,,,0,1,1,0
2026-07-17T09:57:36.324+07:00,3553825030324,13.663976413,right,,,,,,0,1,1,0
2026-07-17T09:57:36.326+07:00,3553827433976,13.666380065,left,,,,,,0,1,1,0
2026-07-17T09:57:36.371+07:00,3553872151946,13.711098035,right,,,,,,0,1,1,0
2026-07-17T09:57:36.390+07:00,3553891369035,13.730315124,left,,,,,,0,1,1,0
2026-07-17T09:57:36.443+07:00,3553944083489,13.783029578,right,,,,,,0,1,1,0
2026-07-17T09:57:36.453+07:00,3553954766161,13.793712250,left,,,,,,0,1,1,0
2026-07-17T09:57:36.523+07:00,3554024374480,13.863320569,left,,,,,,0,1,1,0
2026-07-17T09:57:36.536+07:00,3554037400003,13.876346092,right,,,,,,0,1,1,0
2026-07-17T09:57:36.580+07:00,3554081463404,13.920409493,left,,,,,,0,1,1,0
2026-07-17T09:57:36.603+07:00,3554104109020,13.943055109,right,,,,,,0,1,1,0
2026-07-17T09:57:36.659+07:00,3554160268048,13.999214137,left,,,,,,0,1,1,0
2026-07-17T09:57:36.666+07:00,3554167650957,14.006597046,right,,,,,,0,1,1,0
2026-07-17T09:57:36.729+07:00,3554230271360,14.069217449,right,,,,,,0,1,1,0
2026-07-17T09:57:36.753+07:00,3554254483000,14.093429089,left,,,,,,0,1,1,0
2026-07-17T09:57:36.797+07:00,3554298281361,14.137227450,right,,,,,,0,1,1,0
2026-07-17T09:57:36.826+07:00,3554327398592,14.166344681,left,,,,,,0,1,1,0
2026-07-17T09:57:36.860+07:00,3554361589768,14.200535857,right,,,,,,0,1,1,0
2026-07-17T09:57:36.944+07:00,3554445712227,14.284658316,left,,,,,,0,1,1,0
2026-07-17T09:57:36.944+07:00,3554445745530,14.284691619,right,,,,,,0,1,1,0
2026-07-17T09:57:36.966+07:00,3554467499788,14.306445877,left,,,,,,0,1,1,0
2026-07-17T09:57:37.004+07:00,3554505111565,14.344057654,right,,,,,,0,1,1,0
2026-07-17T09:57:37.030+07:00,3554531314197,14.370260286,left,,,,,,0,1,1,0
2026-07-17T09:57:37.066+07:00,3554567759580,14.406705669,right,,,,,,0,1,1,0
2026-07-17T09:57:37.124+07:00,3554625234172,14.464180261,left,,,,,,0,1,1,0
2026-07-17T09:57:37.126+07:00,3554627501309,14.466447398,right,,,,,,0,1,1,0
2026-07-17T09:57:37.180+07:00,3554681459334,14.520405423,left,,,,,,0,1,1,0
2026-07-17T09:57:37.193+07:00,3554694360397,14.533306486,right,,,,,,0,1,1,0
2026-07-17T09:57:37.248+07:00,3554749708817,14.588654906,left,,,,,,0,1,1,0
2026-07-17T09:57:37.269+07:00,3554770355096,14.609301185,right,,,,,,0,1,1,0
2026-07-17T09:57:37.333+07:00,3554834441418,14.673387507,right,,,,,,0,1,1,0
2026-07-17T09:57:37.338+07:00,3554839129297,14.678075386,left,,,,,,0,1,1,0
2026-07-17T09:57:37.399+07:00,3554900613331,14.739559420,left,,,,,,0,1,1,0
2026-07-17T09:57:37.402+07:00,3554903127971,14.742074060,right,,,,,,0,1,1,0
2026-07-17T09:57:37.464+07:00,3554965303370,14.804249459,right,,,,,,0,1,1,0
2026-07-17T09:57:37.465+07:00,3554966552897,14.805498986,left,,,,,,0,1,1,0
2026-07-17T09:57:37.529+07:00,3555030537766,14.869483855,left,,,,,,0,1,1,0
2026-07-17T09:57:37.535+07:00,3555036917350,14.875863439,right,,,,,,0,1,1,0
2026-07-17T09:57:37.602+07:00,3555103497127,14.942443216,right,,,,,,0,1,1,0
2026-07-17T09:57:37.611+07:00,3555111995375,14.950941464,left,,,,,,0,1,1,0
2026-07-17T09:57:37.666+07:00,3555167054310,15.006000399,right,,,,,,0,1,1,0
2026-07-17T09:57:37.674+07:00,3555175152081,15.014098170,left,,,,,,0,1,1,0
2026-07-17T09:57:37.729+07:00,3555230289121,15.069235210,right,,,,,,0,1,1,0
2026-07-17T09:57:37.740+07:00,3555241478628,15.080424717,left,,,,,,0,1,1,0
2026-07-17T09:57:37.795+07:00,3555296217880,15.135163969,right,,,,,,0,1,1,0
2026-07-17T09:57:37.803+07:00,3555304416110,15.143362199,left,,,,,,0,1,1,0
2026-07-17T09:57:37.859+07:00,3555360260522,15.199206611,right,,,,,,0,1,1,0
2026-07-17T09:57:37.872+07:00,3555373891737,15.212837826,left,,,,,,0,1,1,0
2026-07-17T09:57:37.934+07:00,3555435855495,15.274801584,left,,,,,,0,1,1,0
2026-07-17T09:57:37.937+07:00,3555438354112,15.277300201,right,,,,,,0,1,1,0
2026-07-17T09:57:38.005+07:00,3555506080966,15.345027055,left,,,,,,0,1,1,0
2026-07-17T09:57:38.005+07:00,3555506371065,15.345317154,right,,,,,,0,1,1,0
2026-07-17T09:57:38.069+07:00,3555570360222,15.409306311,right,,,,,,0,1,1,0
2026-07-17T09:57:38.069+07:00,3555570696629,15.409642718,left,,,,,,0,1,1,0
2026-07-17T09:57:38.133+07:00,3555634890997,15.473837086,right,,,,,,0,1,1,0
2026-07-17T09:57:38.134+07:00,3555635288748,15.474234837,left,,,,,,0,1,1,0
2026-07-17T09:57:38.197+07:00,3555698395940,15.537342029,right,,,,,,0,1,1,0
2026-07-17T09:57:38.238+07:00,3555739748649,15.578694738,left,,,,,,0,1,1,0
2026-07-17T09:57:38.280+07:00,3555781097720,15.620043809,right,,,,,,3,1,1,0
2026-07-17T09:57:38.323+07:00,3555824663941,15.663610030,left,,,,,,3,1,1,0
2026-07-17T09:57:38.346+07:00,3555847035505,15.685981594,right,,,,,,3,1,1,0
2026-07-17T09:57:38.374+07:00,3555875406495,15.714352584,left,,,,,,3,1,1,0
2026-07-17T09:57:38.414+07:00,3555915458652,15.754404741,right,,,,,,3,1,1,0
2026-07-17T09:57:38.437+07:00,3555938317680,15.777263769,left,,,,,,3,1,1,0
2026-07-17T09:57:38.523+07:00,3556024519475,15.863465564,left,,,,,,3,1,1,0
2026-07-17T09:57:38.523+07:00,3556024559928,15.863506017,right,,,,,,3,1,1,0
2026-07-17T09:57:38.558+07:00,3556059072542,15.898018631,right,,,,,,3,1,1,0
2026-07-17T09:57:38.573+07:00,3556074364373,15.913310462,left,,,,,,3,1,1,0
2026-07-17T09:57:38.620+07:00,3556121804642,15.960750731,right,,,,,,3,1,1,0
2026-07-17T09:57:38.633+07:00,3556134623248,15.973569337,left,,,,,,3,1,1,0
2026-07-17T09:57:38.723+07:00,3556224299221,16.063245310,left,,,,,,3,1,1,0
2026-07-17T09:57:38.723+07:00,3556224338263,16.063284352,right,,,,,,3,1,1,0
2026-07-17T09:57:38.769+07:00,3556270024002,16.108970091,left,,,,,,3,1,1,0
2026-07-17T09:57:38.769+07:00,3556270109595,16.109055684,right,,,,,,3,1,1,0
2026-07-17T09:57:38.830+07:00,3556331832208,16.170778297,left,,,,,,3,1,1,0
2026-07-17T09:57:38.832+07:00,3556333472251,16.172418340,right,,,,,,3,1,1,0
2026-07-17T09:57:38.937+07:00,3556438025050,16.276971139,left,,,,,,3,1,1,0
2026-07-17T09:57:38.937+07:00,3556438061212,16.277007301,right,,,,,,3,1,1,0
2026-07-17T09:57:38.963+07:00,3556464441370,16.303387459,right,,,,,,3,1,1,0
2026-07-17T09:57:38.985+07:00,3556486386641,16.325332730,left,,,,,,3,1,1,0
2026-07-17T09:57:39.029+07:00,3556530080965,16.369027054,right,,,,,,3,1,1,0
2026-07-17T09:57:39.052+07:00,3556553029429,16.391975518,left,,,,,,3,1,1,0
2026-07-17T09:57:39.125+07:00,3556626273386,16.465219475,left,,,,,,3,1,1,0
2026-07-17T09:57:39.125+07:00,3556626306840,16.465252929,right,,,,,,3,1,1,0
2026-07-17T09:57:39.158+07:00,3556659641740,16.498587829,right,,,,,,3,1,1,0
2026-07-17T09:57:39.178+07:00,3556679867771,16.518813860,left,,,,,,3,1,1,0
2026-07-17T09:57:39.222+07:00,3556723563976,16.562510065,right,,,,,,3,1,1,0
2026-07-17T09:57:39.251+07:00,3556752073532,16.591019621,left,,,,,,3,1,1,0
2026-07-17T09:57:39.323+07:00,3556824815382,16.663761471,left,,,,,,3,1,1,0
2026-07-17T09:57:39.323+07:00,3556824852634,16.663798723,right,,,,,,3,1,1,0
2026-07-17T09:57:39.356+07:00,3556857024837,16.695970926,right,,,,,,3,1,1,0
2026-07-17T09:57:39.375+07:00,3556876841627,16.715787716,left,,,,,,3,1,1,0
2026-07-17T09:57:39.423+07:00,3556924933799,16.763879888,right,,,,,,3,1,1,0
2026-07-17T09:57:39.446+07:00,3556947473589,16.786419678,left,,,,,,3,1,1,0
2026-07-17T09:57:39.523+07:00,3557024711426,16.863657515,left,,,,,,3,1,1,0
2026-07-17T09:57:39.523+07:00,3557024747092,16.863693181,right,,,,,,3,1,1,0
2026-07-17T09:57:39.563+07:00,3557064338074,16.903284163,right,,,,,,3,1,1,0
2026-07-17T09:57:39.578+07:00,3557079904413,16.918850502,left,,,,,,3,1,1,0
2026-07-17T09:57:39.624+07:00,3557125324856,16.964270945,right,,,,,,3,1,1,0
2026-07-17T09:57:39.643+07:00,3557144849958,16.983796047,left,,,,,,3,1,1,0
2026-07-17T09:57:39.725+07:00,3557226284378,17.065230467,left,,,,,,3,1,1,0
2026-07-17T09:57:39.725+07:00,3557226359346,17.065305435,right,,,,,,3,1,1,0
2026-07-17T09:57:39.747+07:00,3557248911867,17.087857956,right,,,,,,3,1,1,0
2026-07-17T09:57:39.774+07:00,3557275801697,17.114747786,left,,,,,,3,1,1,0
2026-07-17T09:57:39.814+07:00,3557315425214,17.154371303,right,,,,,,3,1,1,0
2026-07-17T09:57:39.851+07:00,3557352371989,17.191318078,left,,,,,,3,1,1,0
2026-07-17T09:57:39.876+07:00,3557377578504,17.216524593,right,,,,,,3,1,1,0
2026-07-17T09:57:39.924+07:00,3557425586297,17.264532386,left,,,,,,3,1,1,0
2026-07-17T09:57:39.939+07:00,3557439992702,17.278938791,right,,,,,,3,1,1,0
2026-07-17T09:57:39.999+07:00,3557499988107,17.338934196,left,,,,,,3,1,1,0
2026-07-17T09:57:40.004+07:00,3557505497401,17.344443490,right,,,,,,3,1,1,0
2026-07-17T09:57:40.063+07:00,3557564967268,17.403913357,left,,,,,,3,1,1,0
2026-07-17T09:57:40.066+07:00,3557567164175,17.406110264,right,,,,,,3,1,1,0
2026-07-17T09:57:40.127+07:00,3557628882531,17.467828620,right,,,,,,3,1,1,0
2026-07-17T09:57:40.128+07:00,3557629423548,17.468369637,left,,,,,,3,1,1,0
2026-07-17T09:57:40.190+07:00,3557690987520,17.529933609,right,,,,,,3,1,1,0
2026-07-17T09:57:40.191+07:00,3557692792052,17.531738141,left,,,,,,3,1,1,0
2026-07-17T09:57:40.252+07:00,3557753300228,17.592246317,right,,,,,,3,1,1,0
2026-07-17T09:57:40.273+07:00,3557774784853,17.613730942,left,,,,,,3,1,1,0
2026-07-17T09:57:40.330+07:00,3557831895699,17.670841788,right,,,,,,3,1,1,0
2026-07-17T09:57:40.337+07:00,3557838961013,17.677907102,left,,,,,,3,1,1,0
2026-07-17T09:57:40.392+07:00,3557893773627,17.732719716,right,,,,,,3,1,1,0
2026-07-17T09:57:40.402+07:00,3557902982237,17.741928326,left,,,,,,3,1,1,0
2026-07-17T09:57:40.454+07:00,3557955637948,17.794584037,right,,,,,,3,1,1,0
2026-07-17T09:57:40.465+07:00,3557966891773,17.805837862,left,,,,,,3,1,1,0
2026-07-17T09:57:40.534+07:00,3558035071556,17.874017645,left,,,,,,3,1,1,0
2026-07-17T09:57:40.544+07:00,3558045515343,17.884461432,right,,,,,,3,1,1,0
2026-07-17T09:57:40.599+07:00,3558100254870,17.939200959,left,,,,,,3,1,1,0
2026-07-17T09:57:40.605+07:00,3558106534418,17.945480507,right,,,,,,3,1,1,0
2026-07-17T09:57:40.663+07:00,3558164446416,18.003392505,left,,,,,,3,1,1,0
2026-07-17T09:57:40.670+07:00,3558171686535,18.010632624,right,,,,,,3,1,1,0
2026-07-17T09:57:40.728+07:00,3558229801336,18.068747425,left,,,,,,3,1,1,0
2026-07-17T09:57:40.733+07:00,3558234840210,18.073786299,right,,,,,,3,1,1,0
2026-07-17T09:57:40.790+07:00,3558291305064,18.130251153,left,,,,,,3,1,1,0
2026-07-17T09:57:40.802+07:00,3558303168638,18.142114727,right,,,,,,3,1,1,0
2026-07-17T09:57:40.856+07:00,3558357766876,18.196712965,left,,,,,,3,1,1,0
2026-07-17T09:57:40.867+07:00,3558368544365,18.207490454,right,,,,,,3,1,1,0
2026-07-17T09:57:40.924+07:00,3558425504513,18.264450602,left,,,,,,3,1,1,0
2026-07-17T09:57:40.930+07:00,3558431702087,18.270648176,right,,,,,,3,1,1,0
2026-07-17T09:57:40.990+07:00,3558491832998,18.330779087,right,,,,,,3,1,1,0
2026-07-17T09:57:41.007+07:00,3558508224285,18.347170374,left,,,,,,3,1,1,0
2026-07-17T09:57:41.057+07:00,3558558839552,18.397785641,right,,,,,,3,1,1,0
2026-07-17T09:57:41.124+07:00,3558624978457,18.463924546,left,,,,,,3,1,1,0
2026-07-17T09:57:41.127+07:00,3558628585541,18.467531630,right,,,,,,3,1,1,0
2026-07-17T09:57:41.160+07:00,3558661275550,18.500221639,left,,,,,,3,1,1,0
2026-07-17T09:57:41.192+07:00,3558693542428,18.532488517,right,,,,,,3,1,1,0
2026-07-17T09:57:41.222+07:00,3558723524500,18.562470589,left,,,,,,3,1,1,0
2026-07-17T09:57:41.323+07:00,3558824639143,18.663585232,left,,,,,,3,1,1,0
2026-07-17T09:57:41.323+07:00,3558824705224,18.663651313,right,,,,,,3,1,1,0
2026-07-17T09:57:41.350+07:00,3558851144245,18.690090334,right,,,,,,3,1,1,0
2026-07-17T09:57:41.368+07:00,3558869821244,18.708767333,left,,,,,,3,1,1,0
2026-07-17T09:57:41.419+07:00,3558920226665,18.759172754,right,,,,,,3,1,1,0
2026-07-17T09:57:41.429+07:00,3558930479971,18.769426060,left,,,,,,3,1,1,0
2026-07-17T09:57:41.544+07:00,3559045869827,18.884815916,right,,,,,,3,1,1,0
2026-07-17T09:57:41.545+07:00,3559046233359,18.885179448,left,,,,,,3,1,1,0
2026-07-17T09:57:41.559+07:00,3559060238263,18.899184352,right,,,,,,3,1,1,0
2026-07-17T09:57:41.583+07:00,3559084937616,18.923883705,left,,,,,,3,1,1,0
2026-07-17T09:57:41.619+07:00,3559120764523,18.959710612,right,,,,,,3,1,1,0
2026-07-17T09:57:41.647+07:00,3559148141526,18.987087615,left,,,,,,3,1,1,0
2026-07-17T09:57:41.723+07:00,3559224505975,19.063452064,left,,,,,,3,1,1,0
2026-07-17T09:57:41.723+07:00,3559224541863,19.063487952,right,,,,,,3,1,1,0
2026-07-17T09:57:41.751+07:00,3559252915392,19.091861481,right,,,,,,3,1,1,0
2026-07-17T09:57:41.776+07:00,3559277606316,19.116552405,left,,,,,,3,1,1,0
2026-07-17T09:57:41.814+07:00,3559315393473,19.154339562,right,,,,,,3,1,1,0
2026-07-17T09:57:41.842+07:00,3559343512702,19.182458791,left,,,,,,3,1,1,0
2026-07-17T09:57:41.923+07:00,3559424778359,19.263724448,left,,,,,,3,1,1,0
2026-07-17T09:57:41.923+07:00,3559424816334,19.263762423,right,,,,,,3,1,1,0
2026-07-17T09:57:41.943+07:00,3559444744127,19.283690216,right,,,,,,3,1,1,0
2026-07-17T09:57:41.971+07:00,3559472900084,19.311846173,left,,,,,,3,1,1,0
2026-07-17T09:57:42.005+07:00,3559506259332,19.345205421,right,,,,,,3,1,1,0
2026-07-17T09:57:42.040+07:00,3559541150374,19.380096463,left,,,,,,3,1,1,0
2026-07-17T09:57:42.069+07:00,3559570026043,19.408972132,right,,,,,,3,1,1,0
2026-07-17T09:57:42.124+07:00,3559625161031,19.464107120,left,,,,,,3,1,1,0
2026-07-17T09:57:42.154+07:00,3559655886678,19.494832767,right,,,,,,0,1,1,0
2026-07-17T09:57:42.175+07:00,3559676545039,19.515491128,left,,,,,,0,1,1,0
2026-07-17T09:57:42.223+07:00,3559724919391,19.563865480,right,,,,,,0,1,1,0
2026-07-17T09:57:42.271+07:00,3559771974981,19.610921070,left,,,,,,0,1,1,0
2026-07-17T09:57:42.333+07:00,3559834631984,19.673578073,right,,,,,,0,1,1,0
2026-07-17T09:57:42.335+07:00,3559836515647,19.675461736,left,,,,,,0,1,1,0
2026-07-17T09:57:42.376+07:00,3559877737996,19.716684085,right,,,,,,0,1,1,0
2026-07-17T09:57:42.399+07:00,3559900106412,19.739052501,left,,,,,,0,1,1,0
2026-07-17T09:57:42.437+07:00,3559938263543,19.777209632,right,,,,,,0,1,1,0
2026-07-17T09:57:42.463+07:00,3559964641207,19.803587296,left,,,,,,0,1,1,0
2026-07-17T09:57:42.524+07:00,3560025429995,19.864376084,right,,,,,,0,1,1,0
2026-07-17T09:57:42.533+07:00,3560034396079,19.873342168,left,,,,,,0,1,1,0
2026-07-17T09:57:42.565+07:00,3560066037576,19.904983665,right,,,,,,0,1,1,0
2026-07-17T09:57:42.594+07:00,3560095179946,19.934126035,left,,,,,,0,1,1,0
2026-07-17T09:57:42.627+07:00,3560128949820,19.967895909,right,,,,,,0,1,1,0
2026-07-17T09:57:42.660+07:00,3560161406621,20.000352710,left,,,,,,0,1,1,0
2026-07-17T09:57:42.725+07:00,3560226059012,20.065005101,left,,,,,,0,1,1,0
2026-07-17T09:57:42.725+07:00,3560226095837,20.065041926,right,,,,,,0,1,1,0
2026-07-17T09:57:42.759+07:00,3560260721753,20.099667842,right,,,,,,0,1,1,0
2026-07-17T09:57:42.789+07:00,3560290547959,20.129494048,left,,,,,,0,1,1,0
2026-07-17T09:57:42.822+07:00,3560323609988,20.162556077,right,,,,,,0,1,1,0
2026-07-17T09:57:42.854+07:00,3560355810277,20.194756366,left,,,,,,0,1,1,0
2026-07-17T09:57:42.924+07:00,3560425199918,20.264146007,left,,,,,,0,1,1,0
2026-07-17T09:57:42.924+07:00,3560425241012,20.264187101,right,,,,,,0,1,1,0
2026-07-17T09:57:42.953+07:00,3560454883173,20.293829262,right,,,,,,0,1,1,0
2026-07-17T09:57:42.980+07:00,3560481453148,20.320399237,left,,,,,,0,1,1,0
2026-07-17T09:57:43.030+07:00,3560531951892,20.370897981,right,,,,,,0,1,1,0
2026-07-17T09:57:43.046+07:00,3560547038649,20.385984738,left,,,,,,0,1,1,0
2026-07-17T09:57:43.124+07:00,3560625812057,20.464758146,left,,,,,,0,1,1,0
2026-07-17T09:57:43.124+07:00,3560625845929,20.464792018,right,,,,,,0,1,1,0
2026-07-17T09:57:43.162+07:00,3560663618879,20.502564968,right,,,,,,0,1,1,0
2026-07-17T09:57:43.172+07:00,3560673429864,20.512375953,left,,,,,,0,1,1,0
2026-07-17T09:57:43.224+07:00,3560725281182,20.564227271,right,,,,,,0,1,1,0
2026-07-17T09:57:43.249+07:00,3560750361571,20.589307660,left,,,,,,0,1,1,0
2026-07-17T09:57:43.323+07:00,3560824962888,20.663908977,left,,,,,,0,1,1,0
2026-07-17T09:57:43.324+07:00,3560824996675,20.663942764,right,,,,,,0,1,1,0
2026-07-17T09:57:43.364+07:00,3560865804624,20.704750713,right,,,,,,0,1,1,0
2026-07-17T09:57:43.374+07:00,3560875278675,20.714224764,left,,,,,,0,1,1,0
2026-07-17T09:57:43.432+07:00,3560933279828,20.772225917,right,,,,,,0,1,1,0
2026-07-17T09:57:43.439+07:00,3560940456646,20.779402735,left,,,,,,0,1,1,0
2026-07-17T09:57:43.525+07:00,3561026204517,20.865150606,left,,,,,,0,1,1,0
2026-07-17T09:57:43.525+07:00,3561026238362,20.865184451,right,,,,,,0,1,1,0
2026-07-17T09:57:43.557+07:00,3561058253767,20.897199856,right,,,,,,0,1,1,0
2026-07-17T09:57:43.573+07:00,3561074405627,20.913351716,left,,,,,,0,1,1,0
2026-07-17T09:57:43.627+07:00,3561128605313,20.967551402,right,,,,,,0,1,1,0
2026-07-17T09:57:43.642+07:00,3561143823005,20.982769094,left,,,,,,0,1,1,0
2026-07-17T09:57:43.727+07:00,3561228195688,21.067141777,left,,,,,,0,1,1,0
2026-07-17T09:57:43.727+07:00,3561228228246,21.067174335,right,,,,,,0,1,1,0
2026-07-17T09:57:43.757+07:00,3561258890912,21.097837001,right,,,,,,0,1,1,0
2026-07-17T09:57:43.781+07:00,3561282253746,21.121199835,left,,,,,,0,1,1,0
2026-07-17T09:57:43.820+07:00,3561321754783,21.160700872,right,,,,,,0,1,1,0
2026-07-17T09:57:43.847+07:00,3561348226401,21.187172490,left,,,,,,0,1,1,0
2026-07-17T09:57:43.924+07:00,3561425115924,21.264062013,left,,,,,,0,1,1,0
2026-07-17T09:57:43.924+07:00,3561425189837,21.264135926,right,,,,,,0,1,1,0
2026-07-17T09:57:43.949+07:00,3561450496042,21.289442131,right,,,,,,0,1,1,0
2026-07-17T09:57:43.979+07:00,3561480966355,21.319912444,left,,,,,,0,1,1,0
2026-07-17T09:57:44.025+07:00,3561526087982,21.365034071,right,,,,,,0,1,1,0
2026-07-17T09:57:44.048+07:00,3561549968325,21.388914414,left,,,,,,0,1,1,0
2026-07-17T09:57:44.124+07:00,3561625267720,21.464213809,left,,,,,,0,1,1,0
2026-07-17T09:57:44.124+07:00,3561625346082,21.464292171,right,,,,,,0,1,1,0
2026-07-17T09:57:44.149+07:00,3561650892901,21.489838990,right,,,,,,0,1,1,0
2026-07-17T09:57:44.185+07:00,3561685976040,21.524922129,left,,,,,,0,1,1,0
2026-07-17T09:57:44.213+07:00,3561714081477,21.553027566,right,,,,,,0,1,1,0
2026-07-17T09:57:44.323+07:00,3561824636754,21.663582843,left,,,,,,0,1,1,0
2026-07-17T09:57:44.323+07:00,3561824737443,21.663683532,right,,,,,,0,1,1,0
2026-07-17T09:57:44.347+07:00,3561848454890,21.687400979,left,,,,,,0,1,1,0
2026-07-17T09:57:44.364+07:00,3561865915745,21.704861834,right,,,,,,0,1,1,0
2026-07-17T09:57:44.414+07:00,3561915148382,21.754094471,left,,,,,,0,1,1,0
2026-07-17T09:57:44.428+07:00,3561929228324,21.768174413,right,,,,,,0,1,1,0
2026-07-17T09:57:44.477+07:00,3561978415855,21.817361944,left,,,,,,0,1,1,0
2026-07-17T09:57:44.523+07:00,3562024615447,21.863561536,right,,,,,,0,1,1,0
2026-07-17T09:57:44.541+07:00,3562042453799,21.881399888,left,,,,,,0,1,1,0
2026-07-17T09:57:44.554+07:00,3562055392384,21.894338473,right,,,,,,0,1,1,0
2026-07-17T09:57:44.607+07:00,3562108264913,21.947211002,left,,,,,,0,1,1,0
2026-07-17T09:57:44.620+07:00,3562121657178,21.960603267,right,,,,,,0,1,1,0
2026-07-17T09:57:44.675+07:00,3562176116899,22.015062988,left,,,,,,0,1,1,0
2026-07-17T09:57:44.723+07:00,3562224114253,22.063060342,right,,,,,,0,1,1,0
2026-07-17T09:57:44.748+07:00,3562249843637,22.088789726,right,,,,,,0,1,1,0
2026-07-17T09:57:44.753+07:00,3562254719488,22.093665577,left,,,,,,0,1,1,0
2026-07-17T09:57:44.811+07:00,3562312848524,22.151794613,right,,,,,,0,1,1,0
2026-07-17T09:57:44.820+07:00,3562321031141,22.159977230,left,,,,,,0,1,1,0
2026-07-17T09:57:44.923+07:00,3562424529323,22.263475412,left,,,,,,0,1,1,0
2026-07-17T09:57:44.923+07:00,3562424586948,22.263533037,right,,,,,,0,1,1,0
2026-07-17T09:57:44.947+07:00,3562448289308,22.287235397,right,,,,,,0,1,1,0
2026-07-17T09:57:44.951+07:00,3562452047795,22.290993884,left,,,,,,0,1,1,0
2026-07-17T09:57:45.014+07:00,3562515845662,22.354791751,right,,,,,,0,1,1,0
2026-07-17T09:57:45.016+07:00,3562517799737,22.356745826,left,,,,,,0,1,1,0
2026-07-17T09:57:45.123+07:00,3562624426643,22.463372732,left,,,,,,0,1,1,0
2026-07-17T09:57:45.123+07:00,3562624489827,22.463435916,right,,,,,,0,1,1,0
2026-07-17T09:57:45.145+07:00,3562646926164,22.485872253,left,,,,,,0,1,1,0
2026-07-17T09:57:45.151+07:00,3562652371862,22.491317951,right,,,,,,0,1,1,0
2026-07-17T09:57:45.213+07:00,3562714019716,22.552965805,left,,,,,,0,1,1,0
2026-07-17T09:57:45.213+07:00,3562714210497,22.553156586,right,,,,,,0,1,1,0
2026-07-17T09:57:45.344+07:00,3562845092887,22.684038976,left,,,,,,0,1,1,0
2026-07-17T09:57:45.344+07:00,3562845136584,22.684082673,right,,,,,,0,1,1,0
2026-07-17T09:57:45.356+07:00,3562857828047,22.696774136,left,,,,,,0,1,1,0
2026-07-17T09:57:45.359+07:00,3562860471122,22.699417211,right,,,,,,0,1,1,0
2026-07-17T09:57:45.421+07:00,3562922514497,22.761460586,left,,,,,,0,1,1,0
2026-07-17T09:57:45.425+07:00,3562926530677,22.765476766,right,,,,,,0,1,1,0
2026-07-17T09:57:45.524+07:00,3563025255156,22.864201245,left,,,,,,0,1,1,0
2026-07-17T09:57:45.524+07:00,3563025323204,22.864269293,right,,,,,,0,1,1,0
2026-07-17T09:57:45.553+07:00,3563054774457,22.893720546,right,,,,,,0,1,1,0
2026-07-17T09:57:45.569+07:00,3563070073717,22.909019806,left,,,,,,0,1,1,0
2026-07-17T09:57:45.619+07:00,3563120319743,22.959265832,right,,,,,,0,1,1,0
2026-07-17T09:57:45.632+07:00,3563133795371,22.972741460,left,,,,,,0,1,1,0
2026-07-17T09:57:45.723+07:00,3563224453359,23.063399448,left,,,,,,0,1,1,0
2026-07-17T09:57:45.723+07:00,3563224491167,23.063437256,right,,,,,,0,1,1,0
2026-07-17T09:57:45.747+07:00,3563248329939,23.087276028,right,,,,,,0,1,1,0
2026-07-17T09:57:45.782+07:00,3563283549223,23.122495312,left,,,,,,0,1,1,0
2026-07-17T09:57:45.815+07:00,3563316031229,23.154977318,right,,,,,,0,1,1,0
2026-07-17T09:57:45.849+07:00,3563350254042,23.189200131,left,,,,,,0,1,1,0
2026-07-17T09:57:45.876+07:00,3563377558939,23.216505028,right,,,,,,0,1,1,0
2026-07-17T09:57:45.923+07:00,3563424949948,23.263896037,left,,,,,,0,1,1,0
2026-07-17T09:57:45.944+07:00,3563445649744,23.284595833,right,,,,,,0,1,1,0
2026-07-17T09:57:45.985+07:00,3563486284665,23.325230754,left,,,,,,0,1,1,0
2026-07-17T09:57:46.011+07:00,3563512176801,23.351122890,right,,,,,,0,1,1,0
2026-07-17T09:57:46.050+07:00,3563551702975,23.390649064,left,,,,,,0,1,1,0
2026-07-17T09:57:46.075+07:00,3563576381723,23.415327812,right,,,,,,0,1,1,0
2026-07-17T09:57:46.124+07:00,3563625023749,23.463969838,left,,,,,,0,1,1,0
2026-07-17T09:57:46.141+07:00,3563642099829,23.481045918,right,,,,,,0,1,1,0
2026-07-17T09:57:46.183+07:00,3563683989913,23.522936002,left,,,,,,0,1,1,0
2026-07-17T09:57:46.203+07:00,3563704384879,23.543330968,right,,,,,,0,1,1,0
2026-07-17T09:57:46.266+07:00,3563767802215,23.606748304,right,,,,,,0,1,1,0
2026-07-17T09:57:46.276+07:00,3563777402164,23.616348253,left,,,,,,0,1,1,0
2026-07-17T09:57:46.332+07:00,3563833313761,23.672259850,right,,,,,,0,1,1,0
2026-07-17T09:57:46.344+07:00,3563845294577,23.684240666,left,,,,,,0,1,1,0
2026-07-17T09:57:46.398+07:00,3563899253732,23.738199821,right,,,,,,0,1,1,0
2026-07-17T09:57:46.410+07:00,3563911466688,23.750412777,left,,,,,,0,1,1,0
2026-07-17T09:57:46.474+07:00,3563975864028,23.814810117,right,,,,,,0,1,1,0
2026-07-17T09:57:46.533+07:00,3564034628064,23.873574153,left,,,,,,0,1,1,0
2026-07-17T09:57:46.537+07:00,3564038628115,23.877574204,right,,,,,,0,1,1,0
2026-07-17T09:57:46.555+07:00,3564056596677,23.895542766,left,,,,,,0,1,1,0
2026-07-17T09:57:46.602+07:00,3564103592644,23.942538733,right,,,,,,0,1,1,0
2026-07-17T09:57:46.622+07:00,3564123579767,23.962525856,left,,,,,,0,1,1,0
2026-07-17T09:57:46.665+07:00,3564166652400,24.005598489,right,,,,,,0,1,1,0
2026-07-17T09:57:46.724+07:00,3564225215201,24.064161290,left,,,,,,0,1,1,0
2026-07-17T09:57:46.733+07:00,3564234594623,24.073540712,right,,,,,,0,1,1,0
2026-07-17T09:57:46.784+07:00,3564285854145,24.124800234,left,,,,,,0,1,1,0
2026-07-17T09:57:46.798+07:00,3564299283443,24.138229532,right,,,,,,0,1,1,0
2026-07-17T09:57:46.850+07:00,3564351080992,24.190027081,left,,,,,,0,1,1,0
2026-07-17T09:57:46.864+07:00,3564365739032,24.204685121,right,,,,,,0,1,1,0
2026-07-17T09:57:46.924+07:00,3564425830489,24.264776578,left,,,,,,0,1,1,0
2026-07-17T09:57:46.931+07:00,3564432270732,24.271216821,right,,,,,,0,1,1,0
2026-07-17T09:57:46.972+07:00,3564473710011,24.312656100,left,,,,,,0,1,1,0
2026-07-17T09:57:46.993+07:00,3564494267515,24.333213604,right,,,,,,0,1,1,0
2026-07-17T09:57:47.035+07:00,3564536112040,24.375058129,left,,,,,,0,1,1,0
2026-07-17T09:57:47.054+07:00,3564555404143,24.394350232,right,,,,,,0,1,1,0
2026-07-17T09:57:47.124+07:00,3564625731274,24.464677363,left,,,,,,0,1,1,0
2026-07-17T09:57:47.127+07:00,3564628320560,24.467266649,right,,,,,,0,1,1,0
2026-07-17T09:57:47.170+07:00,3564671356944,24.510303033,left,,,,,,0,1,1,0
2026-07-17T09:57:47.188+07:00,3564689111545,24.528057634,right,,,,,,0,1,1,0
2026-07-17T09:57:47.237+07:00,3564738535445,24.577481534,left,,,,,,0,1,1,0
2026-07-17T09:57:47.252+07:00,3564753728325,24.592674414,right,,,,,,0,1,1,0
2026-07-17T09:57:47.323+07:00,3564824672857,24.663618946,left,,,,,,0,1,1,0
2026-07-17T09:57:47.332+07:00,3564833030643,24.671976732,right,,,,,,0,1,1,0
2026-07-17T09:57:47.376+07:00,3564877598849,24.716544938,left,,,,,,0,1,1,0
2026-07-17T09:57:47.401+07:00,3564902688154,24.741634243,right,,,,,,0,1,1,0
2026-07-17T09:57:47.441+07:00,3564942379665,24.781325754,left,,,,,,0,1,1,0
2026-07-17T09:57:47.474+07:00,3564975488509,24.814434598,right,,,,,,0,1,1,0
2026-07-17T09:57:47.523+07:00,3565024813292,24.863759381,left,,,,,,0,1,1,0
2026-07-17T09:57:47.546+07:00,3565047216706,24.886162795,right,,,,,,0,1,1,0
2026-07-17T09:57:47.591+07:00,3565092966988,24.931913077,left,,,,,,0,1,1,0
2026-07-17T09:57:47.610+07:00,3565111196680,24.950142769,right,,,,,,0,1,1,0
2026-07-17T09:57:47.654+07:00,3565155922746,24.994868835,left,,,,,,0,1,1,0
2026-07-17T09:57:47.674+07:00,3565175533468,25.014479557,right,,,,,,0,1,1,0
2026-07-17T09:57:47.724+07:00,3565225357732,25.064303821,left,,,,,,0,1,1,0
2026-07-17T09:57:47.740+07:00,3565241225560,25.080171649,right,,,,,,0,1,1,0
2026-07-17T09:57:47.785+07:00,3565286703102,25.125649191,left,,,,,,0,1,1,0
2026-07-17T09:57:47.812+07:00,3565313853073,25.152799162,right,,,,,,0,1,1,0
2026-07-17T09:57:47.856+07:00,3565357453561,25.196399650,left,,,,,,0,1,1,0
2026-07-17T09:57:47.875+07:00,3565376969253,25.215915342,right,,,,,,0,1,1,0
2026-07-17T09:57:47.924+07:00,3565425337743,25.264283832,left,,,,,,0,1,1,0
2026-07-17T09:57:47.954+07:00,3565455208688,25.294154777,right,,,,,,0,1,1,0
2026-07-17T09:57:47.985+07:00,3565486278052,25.325224141,left,,,,,,0,1,1,0
2026-07-17T09:57:48.031+07:00,3565532309324,25.371255413,right,,,,,,0,1,1,0
2026-07-17T09:57:48.055+07:00,3565556031912,25.394978001,left,,,,,,0,1,1,0
2026-07-17T09:57:48.124+07:00,3565625633704,25.464579793,left,,,,,,0,1,1,0
2026-07-17T09:57:48.124+07:00,3565625665932,25.464612021,right,,,,,,0,1,1,0
2026-07-17T09:57:48.157+07:00,3565658640564,25.497586653,right,,,,,,0,1,1,0
2026-07-17T09:57:48.181+07:00,3565682745193,25.521691282,left,,,,,,0,1,1,0
2026-07-17T09:57:48.225+07:00,3565726506826,25.565452915,right,,,,,,0,1,1,0
2026-07-17T09:57:48.250+07:00,3565751179696,25.590125785,left,,,,,,0,1,1,0
2026-07-17T09:57:48.324+07:00,3565825268927,25.664215016,left,,,,,,0,1,1,0
2026-07-17T09:57:48.324+07:00,3565825301921,25.664248010,right,,,,,,0,1,1,0
2026-07-17T09:57:48.378+07:00,3565879288432,25.718234521,left,,,,,,0,1,1,0
2026-07-17T09:57:48.378+07:00,3565879766930,25.718713019,right,,,,,,0,1,1,0
2026-07-17T09:57:48.440+07:00,3565941863565,25.780809654,right,,,,,,0,1,1,0
2026-07-17T09:57:48.443+07:00,3565944763097,25.783709186,left,,,,,,0,1,1,0
2026-07-17T09:57:48.525+07:00,3566026620053,25.865566142,left,,,,,,0,1,1,0
2026-07-17T09:57:48.525+07:00,3566026689981,25.865636070,right,,,,,,0,1,1,0
2026-07-17T09:57:48.561+07:00,3566062409627,25.901355716,right,,,,,,0,1,1,0
2026-07-17T09:57:48.588+07:00,3566089234172,25.928180261,left,,,,,,0,1,1,0
2026-07-17T09:57:48.625+07:00,3566126493967,25.965440056,right,,,,,,0,1,1,0
2026-07-17T09:57:48.653+07:00,3566154149453,25.993095542,left,,,,,,0,1,1,0
2026-07-17T09:57:48.723+07:00,3566224245800,26.063191889,left,,,,,,0,1,1,0
2026-07-17T09:57:48.723+07:00,3566224282016,26.063228105,right,,,,,,0,1,1,0
2026-07-17T09:57:48.755+07:00,3566256160255,26.095106344,right,,,,,,0,1,1,0
2026-07-17T09:57:48.783+07:00,3566284506538,26.123452627,left,,,,,,0,1,1,0
2026-07-17T09:57:48.820+07:00,3566321252614,26.160198703,right,,,,,,0,1,1,0
2026-07-17T09:57:48.845+07:00,3566346662337,26.185608426,left,,,,,,0,1,1,0
2026-07-17T09:57:48.923+07:00,3566424875254,26.263821343,left,,,,,,0,1,1,0
2026-07-17T09:57:48.923+07:00,3566424916546,26.263862635,right,,,,,,0,1,1,0
2026-07-17T09:57:48.951+07:00,3566452886225,26.291832314,right,,,,,,0,1,1,0
2026-07-17T09:57:48.970+07:00,3566471680888,26.310626977,left,,,,,,0,1,1,0
2026-07-17T09:57:49.013+07:00,3566514781226,26.353727315,right,,,,,,0,1,1,0
2026-07-17T09:57:49.035+07:00,3566536220240,26.375166329,left,,,,,,0,1,1,0
2026-07-17T09:57:49.075+07:00,3566576952214,26.415898303,right,,,,,,0,1,1,0
2026-07-17T09:57:49.124+07:00,3566625354784,26.464300873,left,,,,,,0,1,1,0
2026-07-17T09:57:49.141+07:00,3566642621990,26.481568079,right,,,,,,0,1,1,0
2026-07-17T09:57:49.180+07:00,3566681132909,26.520078998,left,,,,,,0,1,1,0
2026-07-17T09:57:49.215+07:00,3566716953672,26.555899761,right,,,,,,0,1,1,0
2026-07-17T09:57:49.250+07:00,3566751897484,26.590843573,left,,,,,,0,1,1,0
2026-07-17T09:57:49.324+07:00,3566825047113,26.663993202,left,,,,,,0,1,1,0
2026-07-17T09:57:49.330+07:00,3566831751066,26.670697155,right,,,,,,0,1,1,0
2026-07-17T09:57:49.380+07:00,3566881454410,26.720400499,left,,,,,,0,1,1,0
2026-07-17T09:57:49.394+07:00,3566895685511,26.734631600,right,,,,,,0,1,1,0
2026-07-17T09:57:49.442+07:00,3566943705879,26.782651968,left,,,,,,0,1,1,0
2026-07-17T09:57:49.470+07:00,3566971021616,26.809967705,right,,,,,,0,1,1,0
2026-07-17T09:57:49.526+07:00,3567027299286,26.866245375,left,,,,,,0,1,1,0
2026-07-17T09:57:49.546+07:00,3567047210793,26.886156882,right,,,,,,0,1,1,0
2026-07-17T09:57:49.598+07:00,3567099018072,26.937964161,left,,,,,,0,1,1,0
2026-07-17T09:57:49.610+07:00,3567111770454,26.950716543,right,,,,,,0,1,1,0
2026-07-17T09:57:49.661+07:00,3567162939170,27.001885259,left,,,,,,0,1,1,0
2026-07-17T09:57:49.671+07:00,3567172936720,27.011882809,right,,,,,,0,1,1,0
2026-07-17T09:57:49.730+07:00,3567231744593,27.070690682,left,,,,,,0,1,1,0
2026-07-17T09:57:49.736+07:00,3567237241283,27.076187372,right,,,,,,0,1,1,0
2026-07-17T09:57:49.791+07:00,3567292718285,27.131664374,left,,,,,,0,1,1,0
2026-07-17T09:57:49.811+07:00,3567312113789,27.151059878,right,,,,,,0,1,1,0
2026-07-17T09:57:49.852+07:00,3567353202323,27.192148412,left,,,,,,0,1,1,0
2026-07-17T09:57:49.873+07:00,3567374219927,27.213166016,right,,,,,,0,1,1,0
2026-07-17T09:57:49.924+07:00,3567425609608,27.264555697,left,,,,,,0,1,1,0
2026-07-17T09:57:49.938+07:00,3567439317616,27.278263705,right,,,,,,0,1,1,0
2026-07-17T09:57:49.980+07:00,3567481819808,27.320765897,left,,,,,,0,1,1,0
2026-07-17T09:57:50.000+07:00,3567501868140,27.340814229,right,,,,,,0,1,1,0
2026-07-17T09:57:50.043+07:00,3567544291311,27.383237400,left,,,,,,0,1,1,0
2026-07-17T09:57:50.067+07:00,3567567993013,27.406939102,right,,,,,,0,1,1,0
2026-07-17T09:57:50.123+07:00,3567624700570,27.463646659,left,,,,,,0,1,1,0
2026-07-17T09:57:50.128+07:00,3567629945550,27.468891639,right,,,,,,0,1,1,0
2026-07-17T09:57:50.169+07:00,3567670888336,27.509834425,left,,,,,,0,1,1,0
2026-07-17T09:57:50.199+07:00,3567700464658,27.539410747,right,,,,,,0,1,1,0
2026-07-17T09:57:50.230+07:00,3567731561648,27.570507737,left,,,,,,0,1,1,0
2026-07-17T09:57:50.262+07:00,3567763478865,27.602424954,right,,,,,,0,1,1,0
2026-07-17T09:57:50.333+07:00,3567834435842,27.673381931,left,,,,,,0,1,1,0
2026-07-17T09:57:50.345+07:00,3567846138061,27.685084150,right,,,,,,0,1,1,0
2026-07-17T09:57:50.374+07:00,3567875317687,27.714263776,left,,,,,,0,1,1,0
2026-07-17T09:57:50.406+07:00,3567907396048,27.746342137,right,,,,,,0,1,1,0
2026-07-17T09:57:50.437+07:00,3567938480666,27.777426755,left,,,,,,0,1,1,0
2026-07-17T09:57:50.474+07:00,3567975962003,27.814908092,right,,,,,,0,1,1,0
2026-07-17T09:57:50.523+07:00,3568024347312,27.863293401,left,,,,,,0,1,1,0
2026-07-17T09:57:50.548+07:00,3568049771647,27.888717736,right,,,,,,0,1,1,0
2026-07-17T09:57:50.572+07:00,3568073631669,27.912577758,left,,,,,,0,1,1,0
2026-07-17T09:57:50.618+07:00,3568119295609,27.958241698,right,,,,,,0,1,1,0
2026-07-17T09:57:50.644+07:00,3568145051007,27.983997096,left,,,,,,0,1,1,0
2026-07-17T09:57:50.733+07:00,3568234264917,28.073211006,left,,,,,,0,1,1,0
2026-07-17T09:57:50.733+07:00,3568234303000,28.073249089,right,,,,,,0,1,1,0
2026-07-17T09:57:50.746+07:00,3568247597270,28.086543359,right,,,,,,0,1,1,0
2026-07-17T09:57:50.790+07:00,3568291616886,28.130562975,left,,,,,,0,1,1,0
2026-07-17T09:57:50.817+07:00,3568318790002,28.157736091,right,,,,,,0,1,1,0
2026-07-17T09:57:50.852+07:00,3568353012576,28.191958665,left,,,,,,0,1,1,0
2026-07-17T09:57:50.923+07:00,3568424257900,28.263203989,left,,,,,,0,1,1,0
2026-07-17T09:57:50.923+07:00,3568424297731,28.263243820,right,,,,,,0,1,1,0
2026-07-17T09:57:50.951+07:00,3568452093679,28.291039768,right,,,,,,0,1,1,0
2026-07-17T09:57:50.985+07:00,3568486928904,28.325874993,left,,,,,,0,1,1,0
2026-07-17T09:57:51.010+07:00,3568511864203,28.350810292,right,,,,,,0,1,1,0
2026-07-17T09:57:51.057+07:00,3568558375712,28.397321801,left,,,,,,0,1,1,0
2026-07-17T09:57:51.079+07:00,3568580424698,28.419370787,right,,,,,,0,1,1,0
2026-07-17T09:57:51.123+07:00,3568624392104,28.463338193,left,,,,,,0,1,1,0
2026-07-17T09:57:51.142+07:00,3568643045447,28.481991536,right,,,,,,0,1,1,0
2026-07-17T09:57:51.183+07:00,3568684135188,28.523081277,left,,,,,,0,1,1,0
2026-07-17T09:57:51.205+07:00,3568706335632,28.545281721,right,,,,,,0,1,1,0
2026-07-17T09:57:51.246+07:00,3568747254630,28.586200719,left,,,,,,0,1,1,0
2026-07-17T09:57:51.269+07:00,3568770256299,28.609202388,right,,,,,,0,1,1,0
2026-07-17T09:57:51.323+07:00,3568824908355,28.663854444,left,,,,,,0,1,1,0
2026-07-17T09:57:51.332+07:00,3568833502114,28.672448203,right,,,,,,0,1,1,0
2026-07-17T09:57:51.371+07:00,3568872719391,28.711665480,left,,,,,,0,1,1,0
2026-07-17T09:57:51.394+07:00,3568895809455,28.734755544,right,,,,,,0,1,1,0
2026-07-17T09:57:51.432+07:00,3568933606226,28.772552315,left,,,,,,0,1,1,0
2026-07-17T09:57:51.455+07:00,3568956491514,28.795437603,right,,,,,,0,1,1,0
2026-07-17T09:57:51.523+07:00,3569024593474,28.863539563,left,,,,,,0,1,1,0
2026-07-17T09:57:51.524+07:00,3569025616772,28.864562861,right,,,,,,0,1,1,0
2026-07-17T09:57:51.578+07:00,3569079959825,28.918905914,left,,,,,,0,1,1,0
2026-07-17T09:57:51.587+07:00,3569088576561,28.927522650,right,,,,,,0,1,1,0
2026-07-17T09:57:51.646+07:00,3569147429499,28.986375588,left,,,,,,0,1,1,0
2026-07-17T09:57:51.652+07:00,3569153676082,28.992622171,right,,,,,,0,1,1,0
2026-07-17T09:57:51.725+07:00,3569226143946,29.065090035,left,,,,,,0,1,1,0
2026-07-17T09:57:51.735+07:00,3569236375794,29.075321883,right,,,,,,0,1,1,0
2026-07-17T09:57:51.781+07:00,3569282645082,29.121591171,left,,,,,,0,1,1,0
2026-07-17T09:57:51.798+07:00,3569299062242,29.138008331,right,,,,,,0,1,1,0
2026-07-17T09:57:51.844+07:00,3569345316038,29.184262127,left,,,,,,0,1,1,0
2026-07-17T09:57:51.866+07:00,3569367746653,29.206692742,right,,,,,,0,1,1,0
2026-07-17T09:57:51.923+07:00,3569424697703,29.263643792,left,,,,,,0,1,1,0
2026-07-17T09:57:51.930+07:00,3569431243180,29.270189269,right,,,,,,0,1,1,0
2026-07-17T09:57:51.973+07:00,3569474638862,29.313584951,left,,,,,,0,1,1,0
2026-07-17T09:57:51.992+07:00,3569493313396,29.332259485,right,,,,,,0,1,1,0
2026-07-17T09:57:52.043+07:00,3569544152059,29.383098148,left,,,,,,0,1,1,0
2026-07-17T09:57:52.056+07:00,3569557941754,29.396887843,right,,,,,,0,1,1,0
2026-07-17T09:57:52.150+07:00,3569651463391,29.490409480,left,,,,,,3,1,1,0
2026-07-17T09:57:52.162+07:00,3569663456429,29.502402518,right,,,,,,3,1,1,0
2026-07-17T09:57:52.217+07:00,3569718322680,29.557268769,left,,,,,,3,1,1,0
2026-07-17T09:57:52.233+07:00,3569734183014,29.573129103,right,,,,,,3,1,1,0
2026-07-17T09:57:52.343+07:00,3569844657128,29.683603217,left,,,,,,3,1,1,0
2026-07-17T09:57:52.343+07:00,3569844697445,29.683643534,right,,,,,,3,1,1,0
2026-07-17T09:57:52.377+07:00,3569878123180,29.717069269,left,,,,,,3,1,1,0
2026-07-17T09:57:52.405+07:00,3569906647280,29.745593369,right,,,,,,3,1,1,0
2026-07-17T09:57:52.442+07:00,3569943019521,29.781965610,left,,,,,,3,1,1,0
2026-07-17T09:57:52.472+07:00,3569973391366,29.812337455,right,,,,,,3,1,1,0
2026-07-17T09:57:52.524+07:00,3570025611739,29.864557828,left,,,,,,3,1,1,0
2026-07-17T09:57:52.536+07:00,3570037157344,29.876103433,right,,,,,,3,1,1,0
2026-07-17T09:57:52.593+07:00,3570094235980,29.933182069,left,,,,,,3,1,1,0
2026-07-17T09:57:52.602+07:00,3570103254414,29.942200503,right,,,,,,3,1,1,0
2026-07-17T09:57:52.659+07:00,3570160659982,29.999606071,left,,,,,,3,1,1,0
2026-07-17T09:57:52.670+07:00,3570171713098,30.010659187,right,,,,,,3,1,1,0
2026-07-17T09:57:52.723+07:00,3570224356653,30.063302742,left,,,,,,3,1,1,0
2026-07-17T09:57:52.736+07:00,3570237374482,30.076320571,right,,,,,,3,1,1,0
2026-07-17T09:57:52.789+07:00,3570290642128,30.129588217,left,,,,,,3,1,1,0
2026-07-17T09:57:52.796+07:00,3570297722480,30.136668569,right,,,,,,3,1,1,0
2026-07-17T09:57:52.866+07:00,3570367504277,30.206450366,left,,,,,,3,1,1,0
2026-07-17T09:57:52.876+07:00,3570377136338,30.216082427,right,,,,,,3,1,1,0
2026-07-17T09:57:52.932+07:00,3570433056606,30.272002695,left,,,,,,3,1,1,0
2026-07-17T09:57:52.946+07:00,3570447210911,30.286157000,right,,,,,,3,1,1,0
2026-07-17T09:57:53.001+07:00,3570502178897,30.341124986,left,,,,,,3,1,1,0
2026-07-17T09:57:53.015+07:00,3570516968525,30.355914614,right,,,,,,3,1,1,0
2026-07-17T09:57:53.064+07:00,3570565328381,30.404274470,left,,,,,,3,1,1,0
2026-07-17T09:57:53.123+07:00,3570623986132,30.462932221,right,,,,,,3,1,1,0
2026-07-17T09:57:53.134+07:00,3570635442541,30.474388630,left,,,,,,3,1,1,0
2026-07-17T09:57:53.156+07:00,3570657323248,30.496269337,right,,,,,,3,1,1,0
2026-07-17T09:57:53.197+07:00,3570698164431,30.537110520,left,,,,,,3,1,1,0
2026-07-17T09:57:53.219+07:00,3570720139774,30.559085863,right,,,,,,3,1,1,0
2026-07-17T09:57:53.260+07:00,3570761448168,30.600394257,left,,,,,,3,1,1,0
2026-07-17T09:57:53.323+07:00,3570824533215,30.663479304,right,,,,,,3,1,1,0
2026-07-17T09:57:53.323+07:00,3570824673655,30.663619744,left,,,,,,3,1,1,0
2026-07-17T09:57:53.342+07:00,3570843870319,30.682816408,right,,,,,,3,1,1,0
2026-07-17T09:57:53.392+07:00,3570893450139,30.732396228,left,,,,,,3,1,1,0
2026-07-17T09:57:53.405+07:00,3570906567481,30.745513570,right,,,,,,3,1,1,0
2026-07-17T09:57:53.454+07:00,3570955702421,30.794648510,left,,,,,,3,1,1,0
2026-07-17T09:57:53.470+07:00,3570971314831,30.810260920,right,,,,,,3,1,1,0
2026-07-17T09:57:53.524+07:00,3571025618061,30.864564150,left,,,,,,3,1,1,0
2026-07-17T09:57:53.539+07:00,3571040677188,30.879623277,right,,,,,,3,1,1,0
2026-07-17T09:57:53.587+07:00,3571088948490,30.927894579,left,,,,,,3,1,1,0
2026-07-17T09:57:53.648+07:00,3571149688286,30.988634375,left,,,,,,3,1,1,0
2026-07-17T09:57:53.651+07:00,3571152215541,30.991161630,right,,,,,,3,1,1,0
2026-07-17T09:57:53.724+07:00,3571225574510,31.064520599,left,,,,,,3,1,1,0
2026-07-17T09:57:53.735+07:00,3571236064687,31.075010776,right,,,,,,3,1,1,0
2026-07-17T09:57:53.776+07:00,3571277357626,31.116303715,left,,,,,,3,1,1,0
2026-07-17T09:57:53.800+07:00,3571301690628,31.140636717,right,,,,,,3,1,1,0
2026-07-17T09:57:53.856+07:00,3571357731195,31.196677284,left,,,,,,3,1,1,0
2026-07-17T09:57:53.866+07:00,3571367205337,31.206151426,right,,,,,,3,1,1,0
2026-07-17T09:57:53.923+07:00,3571424860575,31.263806664,left,,,,,,3,1,1,0
2026-07-17T09:57:53.934+07:00,3571435177000,31.274123089,right,,,,,,3,1,1,0
2026-07-17T09:57:53.987+07:00,3571488461961,31.327408050,left,,,,,,3,1,1,0
2026-07-17T09:57:53.994+07:00,3571495060870,31.334006959,right,,,,,,3,1,1,0
2026-07-17T09:57:54.052+07:00,3571553526980,31.392473069,left,,,,,,3,1,1,0
2026-07-17T09:57:54.063+07:00,3571564840233,31.403786322,right,,,,,,3,1,1,0
2026-07-17T09:57:54.137+07:00,3571638963330,31.477909419,left,,,,,,3,1,1,0
2026-07-17T09:57:54.158+07:00,3571659645836,31.498591925,right,,,,,,3,1,1,0
2026-07-17T09:57:54.203+07:00,3571704232847,31.543178936,left,,,,,,3,1,1,0
2026-07-17T09:57:54.218+07:00,3571719303918,31.558250007,right,,,,,,3,1,1,0
2026-07-17T09:57:54.269+07:00,3571770523847,31.609469936,left,,,,,,3,1,1,0
2026-07-17T09:57:54.323+07:00,3571824916942,31.663863031,right,,,,,,3,1,1,0
2026-07-17T09:57:54.334+07:00,3571835511082,31.674457171,left,,,,,,3,1,1,0
2026-07-17T09:57:54.345+07:00,3571846163619,31.685109708,right,,,,,,3,1,1,0
2026-07-17T09:57:54.400+07:00,3571901419706,31.740365795,left,,,,,,3,1,1,0
2026-07-17T09:57:54.408+07:00,3571909158612,31.748104701,right,,,,,,3,1,1,0
2026-07-17T09:57:54.469+07:00,3571970932381,31.809878470,left,,,,,,3,1,1,0
2026-07-17T09:57:54.470+07:00,3571971668972,31.810615061,right,,,,,,3,1,1,0
2026-07-17T09:57:54.534+07:00,3572035252729,31.874198818,left,,,,,,3,1,1,0
2026-07-17T09:57:54.539+07:00,3572040138281,31.879084370,right,,,,,,3,1,1,0
2026-07-17T09:57:54.599+07:00,3572100669045,31.939615134,right,,,,,,3,1,1,0
2026-07-17T09:57:54.603+07:00,3572103996366,31.942942455,left,,,,,,3,1,1,0
2026-07-17T09:57:54.663+07:00,3572164270295,32.003216384,right,,,,,,3,1,1,0
2026-07-17T09:57:54.667+07:00,3572168678602,32.007624691,left,,,,,,3,1,1,0
2026-07-17T09:57:54.729+07:00,3572230383747,32.069329836,right,,,,,,3,1,1,0
2026-07-17T09:57:54.737+07:00,3572238336724,32.077282813,left,,,,,,3,1,1,0
2026-07-17T09:57:54.793+07:00,3572294754038,32.133700127,right,,,,,,3,1,1,0
2026-07-17T09:57:54.802+07:00,3572303873294,32.142819383,left,,,,,,3,1,1,0
2026-07-17T09:57:54.856+07:00,3572357293423,32.196239512,right,,,,,,3,1,1,0
2026-07-17T09:57:54.869+07:00,3572370431386,32.209377475,left,,,,,,3,1,1,0
2026-07-17T09:57:54.932+07:00,3572433177178,32.272123267,right,,,,,,3,1,1,0
2026-07-17T09:57:54.933+07:00,3572434728049,32.273674138,left,,,,,,3,1,1,0
2026-07-17T09:57:54.998+07:00,3572499351197,32.338297286,right,,,,,,3,1,1,0
2026-07-17T09:57:54.999+07:00,3572500123910,32.339069999,left,,,,,,3,1,1,0
2026-07-17T09:57:55.066+07:00,3572567702085,32.406648174,right,,,,,,3,1,1,0
2026-07-17T09:57:55.066+07:00,3572567812307,32.406758396,left,,,,,,3,1,1,0
2026-07-17T09:57:55.138+07:00,3572639088896,32.478034985,left,,,,,,3,1,1,0
2026-07-17T09:57:55.163+07:00,3572664077175,32.503023264,right,,,,,,3,1,1,0
2026-07-17T09:57:55.203+07:00,3572704744397,32.543690486,left,,,,,,3,1,1,0
2026-07-17T09:57:55.224+07:00,3572725530206,32.564476295,right,,,,,,3,1,1,0
2026-07-17T09:57:55.267+07:00,3572768478314,32.607424403,left,,,,,,3,1,1,0
2026-07-17T09:57:55.323+07:00,3572824967823,32.663913912,right,,,,,,3,1,1,0
2026-07-17T09:57:55.334+07:00,3572834987510,32.673933599,left,,,,,,3,1,1,0
2026-07-17T09:57:55.349+07:00,3572850594951,32.689541040,right,,,,,,3,1,1,0
2026-07-17T09:57:55.394+07:00,3572895667288,32.734613377,left,,,,,,3,1,1,0
2026-07-17T09:57:55.409+07:00,3572910842388,32.749788477,right,,,,,,3,1,1,0
2026-07-17T09:57:55.459+07:00,3572960327074,32.799273163,left,,,,,,3,1,1,0
2026-07-17T09:57:55.479+07:00,3572980404096,32.819350185,right,,,,,,3,1,1,0
2026-07-17T09:57:55.525+07:00,3573026456352,32.865402441,left,,,,,,3,1,1,0
2026-07-17T09:57:55.544+07:00,3573045913281,32.884859370,right,,,,,,3,1,1,0
2026-07-17T09:57:55.607+07:00,3573108208178,32.947154267,right,,,,,,3,1,1,0
2026-07-17T09:57:55.624+07:00,3573125733897,32.964679986,left,,,,,,3,1,1,0
2026-07-17T09:57:55.672+07:00,3573173759424,33.012705513,right,,,,,,3,1,1,0
2026-07-17T09:57:55.724+07:00,3573225085826,33.064031915,left,,,,,,3,1,1,0
2026-07-17T09:57:55.737+07:00,3573238034473,33.076980562,right,,,,,,3,1,1,0
2026-07-17T09:57:55.763+07:00,3573264199850,33.103145939,left,,,,,,3,1,1,0
2026-07-17T09:57:55.802+07:00,3573303568908,33.142514997,right,,,,,,3,1,1,0
2026-07-17T09:57:55.826+07:00,3573327381623,33.166327712,left,,,,,,3,1,1,0
2026-07-17T09:57:55.877+07:00,3573378911844,33.217857933,right,,,,,,3,1,1,0
2026-07-17T09:57:55.923+07:00,3573424586212,33.263532301,left,,,,,,3,1,1,0
2026-07-17T09:57:55.942+07:00,3573443601172,33.282547261,right,,,,,,3,1,1,0
2026-07-17T09:57:55.975+07:00,3573476951953,33.315898042,left,,,,,,3,1,1,0
2026-07-17T09:57:56.006+07:00,3573507470563,33.346416652,right,,,,,,0,1,1,0
2026-07-17T09:57:56.040+07:00,3573541956649,33.380902738,left,,,,,,0,1,1,0
2026-07-17T09:57:56.072+07:00,3573573889104,33.412835193,right,,,,,,0,1,1,0
2026-07-17T09:57:56.138+07:00,3573639959059,33.478905148,left,,,,,,0,1,1,0
2026-07-17T09:57:56.158+07:00,3573659075881,33.498021970,right,,,,,,0,1,1,0
2026-07-17T09:57:56.204+07:00,3573705901821,33.544847910,left,,,,,,0,1,1,0
2026-07-17T09:57:56.222+07:00,3573723082185,33.562028274,right,,,,,,0,1,1,0
2026-07-17T09:57:56.268+07:00,3573769786161,33.608732250,left,,,,,,0,1,1,0
2026-07-17T09:57:56.323+07:00,3573824279118,33.663225207,right,,,,,,0,1,1,0
2026-07-17T09:57:56.332+07:00,3573833794358,33.672740447,left,,,,,,0,1,1,0
2026-07-17T09:57:56.357+07:00,3573858055597,33.697001686,right,,,,,,0,1,1,0
2026-07-17T09:57:56.395+07:00,3573896442330,33.735388419,left,,,,,,0,1,1,0
2026-07-17T09:57:56.427+07:00,3573928424567,33.767370656,right,,,,,,0,1,1,0
2026-07-17T09:57:56.460+07:00,3573961796577,33.800742666,left,,,,,,0,1,1,0
2026-07-17T09:57:56.524+07:00,3574025710033,33.864656122,left,,,,,,0,1,1,0
2026-07-17T09:57:56.524+07:00,3574025746082,33.864692171,right,,,,,,0,1,1,0
2026-07-17T09:57:56.567+07:00,3574068793202,33.907739291,right,,,,,,0,1,1,0
2026-07-17T09:57:56.601+07:00,3574102817224,33.941763313,left,,,,,,0,1,1,0
2026-07-17T09:57:56.646+07:00,3574147102934,33.986049023,right,,,,,,0,1,1,0
2026-07-17T09:57:56.669+07:00,3574170023987,34.008970076,left,,,,,,0,1,1,0
2026-07-17T09:57:56.723+07:00,3574224749861,34.063695950,right,,,,,,0,1,1,0
2026-07-17T09:57:56.741+07:00,3574242579411,34.081525500,left,,,,,,0,1,1,0
2026-07-17T09:57:56.784+07:00,3574285145483,34.124091572,right,,,,,,0,1,1,0
2026-07-17T09:57:56.808+07:00,3574309014995,34.147961084,left,,,,,,0,1,1,0
2026-07-17T09:57:56.848+07:00,3574349504572,34.188450661,right,,,,,,0,1,1,0
2026-07-17T09:57:56.923+07:00,3574424781292,34.263727381,left,,,,,,0,1,1,0
2026-07-17T09:57:56.928+07:00,3574429299337,34.268245426,right,,,,,,0,1,1,0
2026-07-17T09:57:56.944+07:00,3574445123619,34.284069708,left,,,,,,0,1,1,0
2026-07-17T09:57:56.993+07:00,3574494427549,34.333373638,right,,,,,,0,1,1,0
2026-07-17T09:57:57.017+07:00,3574518285394,34.357231483,left,,,,,,0,1,1,0
2026-07-17T09:57:57.060+07:00,3574561269668,34.400215757,right,,,,,,0,1,1,0
2026-07-17T09:57:57.123+07:00,3574624807082,34.463753171,left,,,,,,0,1,1,0
2026-07-17T09:57:57.152+07:00,3574653583743,34.492529832,right,,,,,,0,1,1,0
2026-07-17T09:57:57.157+07:00,3574658309885,34.497255974,left,,,,,,0,1,1,0
2026-07-17T09:57:57.217+07:00,3574718099545,34.557045634,right,,,,,,0,1,1,0
2026-07-17T09:57:57.221+07:00,3574722665988,34.561612077,left,,,,,,0,1,1,0
2026-07-17T09:57:57.324+07:00,3574825240669,34.664186758,left,,,,,,0,1,1,0
2026-07-17T09:57:57.324+07:00,3574825319283,34.664265372,right,,,,,,0,1,1,0
2026-07-17T09:57:57.344+07:00,3574845060598,34.684006687,right,,,,,,0,1,1,0
2026-07-17T09:57:57.348+07:00,3574849153945,34.688100034,left,,,,,,0,1,1,0
2026-07-17T09:57:57.408+07:00,3574909563245,34.748509334,right,,,,,,0,1,1,0
2026-07-17T09:57:57.414+07:00,3574915423259,34.754369348,left,,,,,,0,1,1,0
2026-07-17T09:57:57.472+07:00,3574973534559,34.812480648,right,,,,,,0,1,1,0
2026-07-17T09:57:57.479+07:00,3574980310113,34.819256202,left,,,,,,0,1,1,0
2026-07-17T09:57:57.537+07:00,3575038310228,34.877256317,right,,,,,,0,1,1,0
2026-07-17T09:57:57.543+07:00,3575043980825,34.882926914,left,,,,,,0,1,1,0
2026-07-17T09:57:57.602+07:00,3575103047183,34.941993272,right,,,,,,0,1,1,0
2026-07-17T09:57:57.619+07:00,3575120647223,34.959593312,left,,,,,,0,1,1,0
2026-07-17T09:57:57.666+07:00,3575167334910,35.006280999,right,,,,,,0,1,1,0
2026-07-17T09:57:57.724+07:00,3575225265884,35.064211973,left,,,,,,0,1,1,0
2026-07-17T09:57:57.730+07:00,3575231699681,35.070645770,right,,,,,,0,1,1,0
2026-07-17T09:57:57.753+07:00,3575253981783,35.092927872,left,,,,,,0,1,1,0
2026-07-17T09:57:57.795+07:00,3575296384449,35.135330538,right,,,,,,0,1,1,0
2026-07-17T09:57:57.818+07:00,3575319840800,35.158786889,left,,,,,,0,1,1,0
2026-07-17T09:57:57.861+07:00,3575362415869,35.201361958,right,,,,,,0,1,1,0
2026-07-17T09:57:57.924+07:00,3575425281534,35.264227623,left,,,,,,0,1,1,0
2026-07-17T09:57:57.945+07:00,3575446293563,35.285239652,right,,,,,,0,1,1,0
2026-07-17T09:57:57.952+07:00,3575453289560,35.292235649,left,,,,,,0,1,1,0
2026-07-17T09:57:58.007+07:00,3575508338032,35.347284121,right,,,,,,0,1,1,0
2026-07-17T09:57:58.014+07:00,3575514985992,35.353932081,left,,,,,,0,1,1,0
2026-07-17T09:57:58.072+07:00,3575573611379,35.412557468,right,,,,,,0,1,1,0
2026-07-17T09:57:58.074+07:00,3575575630860,35.414576949,left,,,,,,0,1,1,0
2026-07-17T09:57:58.139+07:00,3575640738429,35.479684518,left,,,,,,0,1,1,0
2026-07-17T09:57:58.165+07:00,3575666964610,35.505910699,right,,,,,,0,1,1,0
2026-07-17T09:57:58.208+07:00,3575709336574,35.548282663,left,,,,,,0,1,1,0
2026-07-17T09:57:58.232+07:00,3575733080279,35.572026368,right,,,,,,0,1,1,0
2026-07-17T09:57:58.279+07:00,3575780011167,35.618957256,left,,,,,,0,1,1,0
2026-07-17T09:57:58.323+07:00,3575824760048,35.663706137,right,,,,,,0,1,1,0
2026-07-17T09:57:58.345+07:00,3575846426241,35.685372330,left,,,,,,0,1,1,0
2026-07-17T09:57:58.359+07:00,3575860594950,35.699541039,right,,,,,,0,1,1,0
2026-07-17T09:57:58.410+07:00,3575911142581,35.750088670,left,,,,,,0,1,1,0
2026-07-17T09:57:58.429+07:00,3575930088625,35.769034714,right,,,,,,0,1,1,0
2026-07-17T09:57:58.473+07:00,3575974339363,35.813285452,left,,,,,,0,1,1,0
2026-07-17T09:57:58.524+07:00,3576025743595,35.864689684,right,,,,,,0,1,1,0
2026-07-17T09:57:58.541+07:00,3576042826069,35.881772158,left,,,,,,0,1,1,0
2026-07-17T09:57:58.558+07:00,3576059555654,35.898501743,right,,,,,,0,1,1,0
2026-07-17T09:57:58.631+07:00,3576132781780,35.971727869,left,,,,,,0,1,1,0
2026-07-17T09:57:58.635+07:00,3576136413851,35.975359940,right,,,,,,0,1,1,0
2026-07-17T09:57:58.724+07:00,3576225021515,36.063967604,left,,,,,,0,1,1,0
2026-07-17T09:57:58.724+07:00,3576225058305,36.064004394,right,,,,,,0,1,1,0
2026-07-17T09:57:58.762+07:00,3576263891203,36.102837292,right,,,,,,0,1,1,0
2026-07-17T09:57:58.771+07:00,3576272521166,36.111467255,left,,,,,,0,1,1,0
2026-07-17T09:57:58.826+07:00,3576327398687,36.166344776,right,,,,,,0,1,1,0
2026-07-17T09:57:58.838+07:00,3576339618488,36.178564577,left,,,,,,0,1,1,0
2026-07-17T09:57:58.924+07:00,3576425218704,36.264164793,left,,,,,,0,1,1,0
2026-07-17T09:57:58.924+07:00,3576425294225,36.264240314,right,,,,,,0,1,1,0
2026-07-17T09:57:58.960+07:00,3576461513302,36.300459391,right,,,,,,0,1,1,0
2026-07-17T09:57:58.970+07:00,3576471341756,36.310287845,left,,,,,,0,1,1,0
2026-07-17T09:57:59.025+07:00,3576526627363,36.365573452,right,,,,,,0,1,1,0
2026-07-17T09:57:59.033+07:00,3576534800426,36.373746515,left,,,,,,0,1,1,0
2026-07-17T09:57:59.124+07:00,3576625177333,36.464123422,left,,,,,,0,1,1,0
2026-07-17T09:57:59.124+07:00,3576625250080,36.464196169,right,,,,,,0,1,1,0
2026-07-17T09:57:59.171+07:00,3576672383708,36.511329797,left,,,,,,0,1,1,0
2026-07-17T09:57:59.175+07:00,3576676004159,36.514950248,right,,,,,,0,1,1,0
2026-07-17T09:57:59.237+07:00,3576738260622,36.577206711,right,,,,,,0,1,1,0
2026-07-17T09:57:59.238+07:00,3576739360724,36.578306813,left,,,,,,0,1,1,0
2026-07-17T09:57:59.336+07:00,3576837369136,36.676315225,left,,,,,,0,1,1,0
2026-07-17T09:57:59.336+07:00,3576837402730,36.676348819,right,,,,,,0,1,1,0
2026-07-17T09:57:59.378+07:00,3576879265198,36.718211287,left,,,,,,0,1,1,0
2026-07-17T09:57:59.381+07:00,3576882496125,36.721442214,right,,,,,,0,1,1,0
2026-07-17T09:57:59.441+07:00,3576942058922,36.781005011,left,,,,,,0,1,1,0
2026-07-17T09:57:59.455+07:00,3576956240190,36.795186279,right,,,,,,0,1,1,0
